Batch ID,ID,Team ,Country,Match,Category,Possession[%],Possession avg.[%],Inside/Outside,Goal/Not Goal,Attempt Count 1,On/Off/Blocked,Attempt Count 2,Own goal / Opponent goal,Goals conceded,Passes Completed / Failed,Pass count,Avg_pass,Pass success[%],Fouls against cat.,Fouls against count,Fouls cat.,Fouls count,Offers,Offer count,Progression
1,1,QATAR,QAT,1,Group stage,42,13.57,Inside,Goal,0,On,0,Own,0,Completed,381,376,0.85,No card,13,No card,11,Inbehind,  116,Best 32
1,2,ECUADOR,ECU,1,Group stage,50,15.57,Inside,Goal,2,On,3,Own,0,Completed,409,369,0.83,No card,11,No card,13,Inbehind,  127,Best 32
1,3,ENGLAND,ENG,1,Group stage,72,11.56,Inside,Goal,6,On,7,Own,0,Completed,730,545,0.89,No card,7,No card,14,Inbehind,  207,Semi-finalist
1,4,IRAN,IRN,1,Group stage,19,10.43,Inside,Goal,2,On,3,Own,0,Completed,154,245,0.73,No card,14,No card,7,Inbehind,  53,Best 32
1,5,SENEGAL,SEN,1,Group stage,44,9.95,Inside,Goal,0,On,3,Own,0,Completed,313,319,0.81,No card,12,No card,11,Inbehind,  123,Best 16
1,6,NETHERLANDS,NED,1,Group stage,45,9.00,Inside,Goal,2,On,3,Own,0,Completed,374,488,0.86,No card,11,No card,12,Inbehind,  117,Quarter-finalist
1,7,UNITED STATES,USA,1,Group stage,51,11.88,Inside,Goal,1,On,1,Own,0,Completed,509,444,0.87,No card,13,No card,6,Inbehind,  149,Best 16
1,8,WALES,WAL,1,Group stage,39,13.67,Inside,Goal,1,On,3,Own,0,Completed,321,332,0.80,No card,10,No card,13,Inbehind,  100,Best 32
1,9,ARGENTINA,ARG,1,Group stage,64,7.30,Inside,Goal,1,On,6,Own,0,Completed,529,549,0.87,No card,5,No card,21,Inbehind,  157,Champion
1,10,SAUDI ARABIA,KSA,1,Group stage,24,12.23,Inside,Goal,2,On,2,Own,0,Completed,190,294,0.75,No card,19,No card,1,Inbehind,  69,Best 32
1,11,DENMARK,DEN,1,Group stage,55,17.67,Inside,Goal,0,On,4,Own,0,Completed,523,521,0.88,No card,3,No card,8,Inbehind,  152,Best 32
1,12,TUNISIA,TUN,1,Group stage,33,12.57,Inside,Goal,0,On,1,Own,0,Completed,302,321,0.79,No card,8,No card,8,Inbehind,  89,Best 32
1,13,MEXICO,MEX,1,Group stage,54,16.10,Inside,Goal,0,On,4,Own,0,Completed,422,348,0.83,No card,13,No card,14,Inbehind,  128,Best 32
1,14,POLAND,POL,1,Group stage,31,7.95,Inside,Goal,0,On,1,Own,0,Completed,241,282,0.79,No card,16,No card,13,Inbehind,  72,Best 16
1,15,FRANCE,FRA,1,Group stage,56,6.41,Inside,Goal,4,On,7,Own,0,Completed,672,456,0.87,No card,4,No card,11,Inbehind,  150,2nd place
1,16,AUSTRALIA,AUS,1,Group stage,35,7.83,Inside,Goal,1,On,1,Own,0,Completed,399,302,0.77,No card,10,No card,2,Inbehind,  95,Best 16
1,17,MOROCCO,MAR,1,Group stage,32,4.99,Inside,Goal,0,On,2,Own,0,Completed,290,317,0.81,No card,14,No card,10,Inbehind,  106,4th place
1,18,CROATIA,CRO,1,Group stage,57,6.86,Inside,Goal,0,On,2,Own,0,Completed,592,532,0.87,No card,11,No card,17,Inbehind,  99,3rd place
1,19,GERMANY,GER,1,Group stage,65,17.57,Inside,Goal,1,On,9,Own,0,Completed,743,562,0.87,No card,6,No card,14,Inbehind,  199,Best 32
1,20,JAPAN,JPN,1,Group stage,22,7.45,Inside,Goal,2,On,3,Own,0,Completed,207,325,0.80,No card,14,No card,6,Inbehind,  102,Best 16
1,21,SPAIN,ESP,1,Group stage,74,17.25,Inside,Goal,7,On,7,Own,0,Completed,"1,003",882,0.92,No card,6,No card,12,Inbehind,  180,Best 16
1,22,COSTA RICA,CRC,1,Group stage,17,9.23,Inside,Goal,0,On,0,Own,0,Completed,170,270,0.78,No card,12,No card,6,Inbehind,  52,Best 32
1,23,BELGIUM,BEL,1,Group stage,46,16.57,Inside,Goal,1,On,3,Own,0,Completed,439,523,0.88,No card,9,No card,11,Inbehind,  115,Best 32
1,24,CANADA,CAN,1,Group stage,43,15.67,Inside,Goal,0,On,4,Own,0,Completed,382,429,0.86,No card,11,No card,9,Inbehind,  140,Best 32
1,25,SWITZERLAND,SUI,1,Group stage,43,10.75,Inside,Goal,1,On,3,Own,0,Completed,437,403,0.85,No card,11,No card,8,Inbehind,  153,Best 16
1,26,CAMEROON,CMR,1,Group stage,46,12.77,Inside,Goal,0,On,3,Own,0,Completed,424,311,0.80,No card,8,No card,11,Inbehind,  109,Best 32
1,27,URUGUAY,URU,1,Group stage,49,13.67,Inside,Goal,0,On,0,Own,0,Completed,459,375,0.82,No card,6,No card,9,Inbehind,  157,Best 32
1,28,KOREA REPUBLIC,KOR,1,Group stage,38,10.58,Inside,Goal,0,On,0,Own,0,Completed,340,402,0.86,No card,9,No card,6,Inbehind,  136,Best 16
1,29,PORTUGAL,POR,1,Group stage,55,10.84,Inside,Goal,3,On,5,Own,0,Completed,573,523,0.88,No card,10,No card,17,Inbehind,  168,Semi-finalist
1,30,GHANA,GHA,1,Group stage,35,12.57,Inside,Goal,2,On,3,Own,0,Completed,326,321,0.82,No card,19,No card,10,Inbehind,  87,Best 32
1,31,BRAZIL,BRA,1,Group stage,53,10.08,Inside,Goal,2,On,10,Own,0,Completed,526,539,0.90,No card,3,No card,12,Inbehind,  144,Quarter-finalist
1,32,SERBIA,SRB,1,Group stage,34,14.23,Inside,Goal,0,On,0,Own,0,Completed,341,388,0.84,No card,10,No card,4,Inbehind,  67,Best 32
1,33,WALES,WAL,1,Group stage,51,13.67,Inside,Goal,0,On,3,Own,0,Completed,413,332,0.80,No card,6,No card,8,Inbehind,  135,Best 32
1,34,IRAN,IRN,1,Group stage,33,10.43,Inside,Goal,1,On,6,Own,0,Completed,202,245,0.73,No card,7,No card,7,Inbehind,  109,Best 32
1,35,QATAR,QAT,1,Group stage,42,13.57,Inside,Goal,1,On,2,Own,0,Completed,353,376,0.85,No card,5,No card,9,Inbehind,  109,Best 32
1,36,SENEGAL,SEN,1,Group stage,48,9.95,Inside,Goal,3,On,4,Own,0,Completed,445,319,0.81,No card,12,No card,4,Inbehind,  136,Best 16
1,37,NETHERLANDS,NED,1,Group stage,48,9.00,Inside,Goal,0,On,1,Own,0,Completed,451,488,0.86,No card,12,No card,12,Inbehind,  129,Quarter-finalist
1,38,ECUADOR,ECU,1,Group stage,39,15.57,Inside,Goal,1,On,5,Own,0,Completed,345,369,0.83,No card,12,No card,14,Inbehind,  86,Best 32
1,39,ENGLAND,ENG,1,Group stage,51,11.56,Inside,Goal,0,On,3,Own,0,Completed,488,545,0.89,No card,8,No card,15,Inbehind,  116,Semi-finalist
1,40,UNITED STATES,USA,1,Group stage,40,11.88,Inside,Goal,0,On,2,Own,0,Completed,368,444,0.87,No card,12,No card,9,Inbehind,  129,Best 16
1,41,TUNISIA,TUN,1,Group stage,50,12.57,Inside,Goal,0,On,4,Own,0,Completed,396,321,0.79,No card,16,No card,12,Inbehind,  166,Best 32
1,42,AUSTRALIA,AUS,1,Group stage,31,7.83,Inside,Goal,1,On,2,Own,0,Completed,239,302,0.77,No card,12,No card,16,Inbehind,  108,Best 16
1,43,POLAND,POL,1,Group stage,30,7.95,Inside,Goal,2,On,3,Own,0,Completed,236,282,0.79,No card,16,No card,12,Inbehind,  140,Best 16
1,44,SAUDI ARABIA,KSA,1,Group stage,57,12.23,Inside,Goal,0,On,5,Own,0,Completed,494,294,0.75,No card,12,No card,16,Inbehind,  156,Best 32
1,45,FRANCE,FRA,1,Group stage,44,6.41,Inside,Goal,2,On,6,Own,0,Completed,437,456,0.87,No card,2,No card,8,Inbehind,  111,2nd place
1,46,DENMARK,DEN,1,Group stage,44,17.67,Inside,Goal,1,On,2,Own,0,Completed,473,521,0.88,No card,8,No card,2,Inbehind,  171,Best 32
1,47,ARGENTINA,ARG,1,Group stage,50,7.30,Inside,Goal,1,On,2,Own,0,Completed,464,549,0.87,No card,11,No card,18,Inbehind,  103,Champion
1,48,MEXICO,MEX,1,Group stage,36,16.10,Inside,Goal,0,On,1,Own,0,Completed,287,348,0.83,No card,18,No card,11,Inbehind,  78,Best 32
1,49,JAPAN,JPN,1,Group stage,48,7.45,Inside,Goal,0,On,3,Own,0,Completed,510,325,0.80,No card,19,No card,6,Inbehind,  176,Best 16
1,50,COSTA RICA,CRC,1,Group stage,39,9.23,Inside,Goal,1,On,1,Own,0,Completed,371,270,0.78,No card,6,No card,19,Inbehind,  77,Best 32
1,51,BELGIUM,BEL,1,Group stage,56,16.57,Inside,Goal,0,On,4,Own,0,Completed,598,523,0.88,No card,9,No card,13,Inbehind,  144,Best 32
1,52,MOROCCO,MAR,1,Group stage,32,4.99,Inside,Goal,2,On,4,Own,0,Completed,275,317,0.81,No card,12,No card,9,Inbehind,  109,4th place
1,53,CROATIA,CRO,1,Group stage,41,6.86,Inside,Goal,3,On,10,Own,0,Completed,391,532,0.87,No card,12,No card,3,Inbehind,  113,3rd place
1,54,CANADA,CAN,1,Group stage,46,15.67,Inside,Goal,1,On,2,Own,0,Completed,434,429,0.86,No card,4,No card,11,Inbehind,  121,Best 32
1,55,SPAIN,ESP,1,Group stage,56,17.25,Inside,Goal,1,On,3,Own,0,Completed,565,882,0.92,No card,11,No card,10,Inbehind,  90,Best 16
1,56,GERMANY,GER,1,Group stage,33,17.57,Inside,Goal,1,On,4,Own,0,Completed,281,562,0.87,No card,9,No card,10,Inbehind,  108,Best 32
1,57,CAMEROON,CMR,1,Group stage,38,12.77,Inside,Goal,3,On,8,Own,0,Completed,271,311,0.80,No card,5,No card,11,Inbehind,  103,Best 32
1,58,SERBIA,SRB,1,Group stage,49,14.23,Inside,Goal,2,On,6,Own,0,Completed,433,388,0.84,No card,11,No card,6,Inbehind,  124,Best 32
1,59,KOREA REPUBLIC,KOR,1,Group stage,53,10.58,Inside,Goal,2,On,6,Own,0,Completed,477,402,0.86,No card,11,No card,7,Inbehind,  175,Best 16
1,60,GHANA,GHA,1,Group stage,32,12.57,Inside,Goal,3,On,3,Own,0,Completed,260,321,0.82,No card,8,No card,11,Inbehind,  72,Best 32
1,61,BRAZIL,BRA,1,Group stage,51,10.08,Inside,Goal,1,On,5,Own,0,Completed,498,539,0.90,No card,8,No card,16,Inbehind,  154,Quarter-finalist
1,62,SWITZERLAND,SUI,1,Group stage,40,10.75,Inside,Goal,0,On,0,Own,0,Completed,415,403,0.85,No card,14,No card,9,Inbehind,  128,Best 16
1,63,PORTUGAL,POR,1,Group stage,53,10.84,Inside,Goal,1,On,4,Own,0,Completed,517,523,0.88,No card,8,No card,13,Inbehind,  142,Semi-finalist
1,64,URUGUAY,URU,1,Group stage,35,13.67,Inside,Goal,0,On,3,Own,0,Completed,306,375,0.82,No card,13,No card,8,Inbehind,  115,Best 32
1,65,NETHERLANDS,NED,1,Group stage,54,9.00,Inside,Goal,2,On,4,Own,0,Completed,740,488,0.86,No card,19,No card,8,Inbehind,  157,Quarter-finalist
1,66,QATAR,QAT,1,Group stage,38,13.57,Inside,Goal,0,On,4,Own,0,Completed,394,376,0.85,No card,8,No card,19,Inbehind,  100,Best 32
1,67,ECUADOR,ECU,1,Group stage,51,15.57,Inside,Goal,1,On,4,Own,0,Completed,353,369,0.83,No card,22,No card,11,Inbehind,  83,Best 32
1,68,SENEGAL,SEN,1,Group stage,32,9.95,Inside,Goal,2,On,5,Own,0,Completed,198,319,0.81,No card,11,No card,22,Inbehind,  76,Best 16
1,69,WALES,WAL,1,Group stage,33,13.67,Inside,Goal,0,On,1,Own,0,Completed,261,332,0.80,No card,16,No card,7,Inbehind,  71,Best 32
1,70,ENGLAND,ENG,1,Group stage,58,11.56,Inside,Goal,2,On,7,Own,0,Completed,529,545,0.89,No card,7,No card,16,Inbehind,  140,Semi-finalist
1,71,IRAN,IRN,1,Group stage,42,10.43,Inside,Goal,0,On,2,Own,0,Completed,379,245,0.73,No card,12,No card,7,Inbehind,  94,Best 32
1,72,UNITED STATES,USA,1,Group stage,45,11.88,Inside,Goal,1,On,5,Own,0,Completed,413,444,0.87,No card,7,No card,12,Inbehind,  133,Best 16
1,73,AUSTRALIA,AUS,1,Group stage,24,7.83,Inside,Goal,1,On,4,Own,0,Completed,187,302,0.77,No card,10,No card,8,Inbehind,  88,Best 16
1,74,DENMARK,DEN,1,Group stage,60,17.67,Inside,Goal,0,On,3,Own,0,Completed,567,521,0.88,No card,9,No card,10,Inbehind,  146,Best 32
1,75,TUNISIA,TUN,1,Group stage,30,12.57,Inside,Goal,0,On,3,Own,0,Completed,266,321,0.79,No card,13,No card,5,Inbehind,  99,Best 32
1,76,FRANCE,FRA,1,Group stage,56,6.41,Inside,Goal,0,On,3,Own,0,Completed,566,456,0.87,No card,5,No card,14,Inbehind,  96,2nd place
1,77,POLAND,POL,1,Group stage,24,7.95,Inside,Goal,0,On,0,Own,0,Completed,261,282,0.79,No card,6,No card,10,Inbehind,  62,Best 16
1,78,ARGENTINA,ARG,1,Group stage,67,7.30,Inside,Goal,2,On,13,Own,0,Completed,814,549,0.87,No card,5,No card,5,Inbehind,  175,Champion
1,79,SAUDI ARABIA,KSA,1,Group stage,29,12.23,Inside,Goal,1,On,2,Own,0,Completed,197,294,0.75,No card,19,No card,12,Inbehind,  100,Best 32
1,80,MEXICO,MEX,1,Group stage,55,16.10,Inside,Goal,1,On,10,Own,0,Completed,336,348,0.83,No card,18,No card,19,Inbehind,  194,Best 32
1,81,CROATIA,CRO,1,Group stage,43,6.86,Inside,Goal,0,On,4,Own,0,Completed,504,532,0.87,No card,6,No card,9,Inbehind,  124,3rd place
1,82,BELGIUM,BEL,1,Group stage,47,16.57,Inside,Goal,0,On,4,Own,0,Completed,531,523,0.88,No card,5,No card,6,Inbehind,  123,Best 32
1,83,CANADA,CAN,1,Group stage,52,15.67,Inside,Goal,0,On,0,Own,0,Completed,472,429,0.86,No card,13,No card,10,Inbehind,  189,Best 32
1,84,MOROCCO,MAR,1,Group stage,36,4.99,Inside,Goal,1,On,2,Own,1,Completed,308,317,0.81,No card,11,No card,14,Inbehind,  78,4th place
1,85,JAPAN,JPN,1,Group stage,14,7.45,Inside,Goal,1,On,3,Own,0,Completed,167,325,0.80,No card,9,No card,3,Inbehind,  77,Best 16
1,86,SPAIN,ESP,1,Group stage,78,17.25,Inside,Goal,1,On,5,Own,0,Completed,992,882,0.92,No card,3,No card,9,Inbehind,  174,Best 16
1,87,COSTA RICA,CRC,1,Group stage,27,9.23,Inside,Goal,2,On,6,Own,0,Completed,269,270,0.78,No card,3,No card,8,Inbehind,  100,Best 32
1,88,GERMANY,GER,1,Group stage,60,17.57,Inside,Goal,4,On,11,Own,0,Completed,661,562,0.87,No card,8,No card,3,Inbehind,  217,Best 32
1,89,GHANA,GHA,1,Group stage,46,12.57,Inside,Goal,0,On,4,Own,0,Completed,377,321,0.82,No card,15,No card,9,Inbehind,  154,Best 32
1,90,URUGUAY,URU,1,Group stage,39,13.67,Inside,Goal,2,On,7,Own,0,Completed,361,375,0.82,No card,9,No card,15,Inbehind,  117,Best 32
1,91,KOREA REPUBLIC,KOR,1,Group stage,34,10.58,Inside,Goal,2,On,6,Own,0,Completed,304,402,0.86,No card,9,No card,9,Inbehind,  93,Best 16
1,92,PORTUGAL,POR,1,Group stage,55,10.84,Inside,Goal,1,On,4,Own,0,Completed,541,523,0.88,No card,9,No card,9,Inbehind,  159,Semi-finalist
1,93,SERBIA,SRB,1,Group stage,45,14.23,Inside,Goal,2,On,4,Own,0,Completed,390,388,0.84,No card,14,No card,6,Inbehind,  92,Best 32
1,94,SWITZERLAND,SUI,1,Group stage,41,10.75,Inside,Goal,3,On,7,Own,0,Completed,325,403,0.85,No card,6,No card,14,Inbehind,  108,Best 16
1,95,CAMEROON,CMR,1,Group stage,31,12.77,Inside,Goal,1,On,3,Own,0,Completed,239,311,0.80,No card,12,No card,8,Inbehind,  88,Best 32
1,96,BRAZIL,BRA,1,Group stage,56,10.08,Inside,Goal,0,On,6,Own,0,Completed,491,539,0.90,No card,12,No card,12,Inbehind,  145,Quarter-finalist
1,97,NETHERLANDS,NED,1,Round of 16,33,9.00,Inside,Goal,3,On,6,Own,0,Completed,320,488,0.86,No card,8,No card,3,Inbehind,  73,Quarter-finalist
1,98,UNITED STATES,USA,1,Round of 16,54,11.88,Inside,Goal,1,On,7,Own,0,Completed,487,444,0.87,No card,5,No card,10,Inbehind,  179,Best 16
1,99,ARGENTINA,ARG,1,Round of 16,53,7.30,Inside,Goal,2,On,5,Own,1,Completed,635,549,0.87,No card,8,No card,15,Inbehind,  131,Champion
1,100,AUSTRALIA,AUS,1,Round of 16,35,7.83,Inside,Goal,0,On,2,Own,0,Completed,381,302,0.77,No card,14,No card,6,Inbehind,  105,Best 16
1,101,FRANCE,FRA,1,Round of 16,48,6.41,Inside,Goal,3,On,7,Own,0,Completed,481,456,0.87,No card,8,No card,7,Inbehind,  118,2nd place
1,102,POLAND,POL,1,Round of 16,42,7.95,Inside,Goal,1,On,3,Own,0,Completed,391,282,0.79,No card,8,No card,8,Inbehind,  124,Best 16
1,103,ENGLAND,ENG,1,Round of 16,54,11.56,Inside,Goal,3,On,4,Own,0,Completed,523,545,0.89,No card,14,No card,12,Inbehind,  140,Semi-finalist
1,104,SENEGAL,SEN,1,Round of 16,35,9.95,Inside,Goal,0,On,2,Own,0,Completed,320,319,0.81,No card,12,No card,15,Inbehind,  95,Best 16
1,105,JAPAN,JPN,1,Round of 16,35,7.45,Inside,Goal,1,On,4,Own,0,Completed,414,325,0.80,No card,12,No card,16,Inbehind,  157,Best 16
1,106,CROATIA,CRO,1,Round of 16,51,6.86,Inside,Goal,1,On,4,Own,0,Completed,624,532,0.87,No card,16,No card,11,Inbehind,  175,3rd place
1,107,BRAZIL,BRA,1,Round of 16,47,10.08,Inside,Goal,4,On,9,Own,0,Completed,556,539,0.90,No card,7,No card,13,Inbehind,  149,Quarter-finalist
1,108,KOREA REPUBLIC,KOR,1,Round of 16,44,10.58,Inside,Goal,0,On,6,Own,0,Completed,486,402,0.86,No card,13,No card,7,Inbehind,  116,Best 16
1,109,MOROCCO,MAR,1,Round of 16,22,4.99,Inside,Goal,0,On,3,Own,0,Completed,229,317,0.81,No card,14,No card,13,Inbehind,  103,4th place
1,110,SPAIN,ESP,1,Round of 16,68,17.25,Inside,Goal,0,On,1,Own,0,Completed,967,882,0.92,No card,13,No card,14,Inbehind,  182,Best 16
1,111,PORTUGAL,POR,1,Round of 16,43,10.84,Inside,Goal,6,On,9,Own,0,Completed,392,523,0.88,No card,10,No card,10,Inbehind,  134,Semi-finalist
1,112,SWITZERLAND,SUI,1,Round of 16,48,10.75,Inside,Goal,1,On,1,Own,0,Completed,436,403,0.85,No card,10,No card,10,Inbehind,  115,Best 16
1,113,CROATIA,CRO,1,Quarter-final,45,6.86,Inside,Goal,1,On,1,Own,0,Completed,632,532,0.87,No card,19,No card,22,Inbehind,  156,3rd place
1,114,BRAZIL,BRA,1,Quarter-final,45,10.08,Inside,Goal,1,On,11,Own,0,Completed,625,539,0.90,No card,22,No card,19,Inbehind,  153,Quarter-finalist
1,115,NETHERLANDS,NED,1,Quarter-final,45,9.00,Inside,Goal,2,On,2,Own,0,Completed,557,488,0.86,No card,22,No card,14,Inbehind,  117,Quarter-finalist
1,116,ARGENTINA,ARG,1,Quarter-final,44,7.30,Inside,Goal,2,On,6,Own,0,Completed,511,549,0.87,No card,14,No card,22,Inbehind,  97,Champion
1,117,MOROCCO,MAR,1,Quarter-final,22,4.99,Inside,Goal,1,On,3,Own,0,Completed,171,317,0.81,No card,14,No card,5,Inbehind,  68,4th place
1,118,PORTUGAL,POR,1,Quarter-final,65,10.84,Inside,Goal,0,On,3,Own,0,Completed,592,523,0.88,No card,5,No card,14,Inbehind,  205,Semi-finalist
1,119,ENGLAND,ENG,1,Quarter-final,54,11.56,Inside,Goal,1,On,6,Own,0,Completed,453,545,0.89,No card,7,No card,13,Inbehind,  127,Semi-finalist
1,120,FRANCE,FRA,1,Quarter-final,36,6.41,Inside,Goal,1,On,5,Own,0,Completed,310,456,0.87,No card,13,No card,7,Inbehind,  84,2nd place
1,121,ARGENTINA,ARG,1,Semi-final,34,7.30,Inside,Goal,3,On,7,Own,0,Completed,344,549,0.87,No card,13,No card,6,Inbehind,89,Champion
1,122,CROATIA,CRO,1,Semi-final,54,6.86,Inside,Goal,0,On,3,Own,0,Completed,551,532,0.87,No card,6,No card,13,Inbehind,136,3rd place
1,123,FRANCE,FRA,1,Semi-final,34,6.41,Inside,Goal,2,On,2,Own,0,Completed,307,456,0.87,No card,10,No card,11,Inbehind,82,2nd place
1,124,MOROCCO,MAR,1,Semi-final,55,4.99,Inside,Goal,0,On,1,Own,0,Completed,518,317,0.81,No card,11,No card,10,Inbehind,136,4th place
1,125,CROATIA,CRO,1,Play-off 3rd place,45,6.86,Inside,Goal,2,On,4,Own,0,Completed,430,532,0.87,No card,11,No card,11,Inbehind,117,3rd place
1,126,MOROCCO,MAR,1,Play-off 3rd place,45,4.99,Inside,Goal,1,On,2,Own,0,Completed,428,317,0.81,No card,11,No card,11,Inbehind,127,4th place
1,127,ARGENTINA,ARG,1,Final,46,7.30,Inside,Goal,3,On,9,Own,0,Completed,544,549,0.87,No card,23,No card,15,Inbehind,136,Champion
1,128,FRANCE,FRA,1,Final,40,6.41,Inside,Goal,3,On,5,Own,0,Completed,419,456,0.87,No card,15,No card,23,Inbehind,98,2nd place
2,1,QATAR,QAT,,Group stage,0,0,Outside,Goal,0,Off,5,Opponent,2,Failed,69,68,0,Yellow card,2,Yellow card,4,Inbetween,  235,Best 32
2,2,ECUADOR,ECU,,Group stage,0,0,Outside,Goal,0,Off,3,Opponent,0,Failed,71,77,0,Yellow card,4,Yellow card,2,Inbetween,  187,Best 32
2,3,ENGLAND,ENG,,Group stage,0,0,Outside,Goal,0,Off,3,Opponent,2,Failed,79,66,0,Yellow card,2,Yellow card,0,Inbetween,  386,Semi-finalist
2,4,IRAN,IRN,,Group stage,0,0,Outside,Goal,0,Off,4,Opponent,6,Failed,70,82,0,Yellow card,0,Yellow card,2,Inbetween,  86,Best 32
2,5,SENEGAL,SEN,,Group stage,0,0,Outside,Goal,0,Off,8,Opponent,2,Failed,70,70,0,Yellow card,1,Yellow card,2,Inbetween,  230,Best 16
2,6,NETHERLANDS,NED,,Group stage,0,0,Outside,Goal,0,Off,5,Opponent,0,Failed,64,72,0,Yellow card,2,Yellow card,1,Inbetween,  191,Quarter-finalist
2,7,UNITED STATES,USA,,Group stage,0,0,Outside,Goal,0,Off,4,Opponent,1,Failed,60,64,0,Yellow card,2,Yellow card,4,Inbetween,  336,Best 16
2,8,WALES,WAL,,Group stage,0,0,Outside,Goal,0,Off,3,Opponent,1,Failed,88,82,0,Yellow card,0,Yellow card,2,Inbetween,  172,Best 32
2,9,ARGENTINA,ARG,,Group stage,0,0,Outside,Goal,0,Off,5,Opponent,2,Failed,81,76,0,Yellow card,2,Yellow card,0,Inbetween,  177,Champion
2,10,SAUDI ARABIA,KSA,,Group stage,0,0,Outside,Goal,0,Off,0,Opponent,1,Failed,77,81,0,Yellow card,2,Yellow card,6,Inbetween,  131,Best 32
2,11,DENMARK,DEN,,Group stage,0,0,Outside,Goal,0,Off,4,Opponent,0,Failed,71,73,0,Yellow card,6,Yellow card,2,Inbetween,  276,Best 32
2,12,TUNISIA,TUN,,Group stage,0,0,Outside,Goal,0,Off,7,Opponent,0,Failed,85,84,0,Yellow card,2,Yellow card,1,Inbetween,  204,Best 32
2,13,MEXICO,MEX,,Group stage,0,0,Outside,Goal,0,Off,5,Opponent,0,Failed,63,69,0,Yellow card,1,Yellow card,2,Inbetween,  202,Best 32
2,14,POLAND,POL,,Group stage,0,0,Outside,Goal,0,Off,4,Opponent,0,Failed,81,71,0,Yellow card,0,Yellow card,1,Inbetween,  101,Best 16
2,15,FRANCE,FRA,,Group stage,0,0,Outside,Goal,0,Off,9,Opponent,1,Failed,62,66,0,Yellow card,1,Yellow card,0,Inbetween,  182,2nd place
2,16,AUSTRALIA,AUS,,Group stage,0,0,Outside,Goal,0,Off,3,Opponent,4,Failed,67,83,0,Yellow card,1,Yellow card,3,Inbetween,  208,Best 16
2,17,MOROCCO,MAR,,Group stage,0,0,Outside,Goal,0,Off,0,Opponent,0,Failed,70,67,0,Yellow card,3,Yellow card,1,Inbetween,  193,4th place
2,18,CROATIA,CRO,,Group stage,0,0,Outside,Goal,0,Off,2,Opponent,0,Failed,75,78,0,Yellow card,0,Yellow card,0,Inbetween,  197,3rd place
2,19,GERMANY,GER,,Group stage,0,0,Outside,Goal,0,Off,11,Opponent,2,Failed,77,71,0,Yellow card,0,Yellow card,0,Inbetween,  366,Best 32
2,20,JAPAN,JPN,,Group stage,0,0,Outside,Goal,0,Off,6,Opponent,1,Failed,54,74,0,Yellow card,0,Yellow card,0,Inbetween,  146,Best 16
2,21,SPAIN,ESP,,Group stage,0,0,Outside,Goal,0,Off,8,Opponent,0,Failed,58,73,0,Yellow card,2,Yellow card,0,Inbetween,  418,Best 16
2,22,COSTA RICA,CRC,,Group stage,0,0,Outside,Goal,0,Off,0,Opponent,7,Failed,61,71,0,Yellow card,0,Yellow card,2,Inbetween,  104,Best 32
2,23,BELGIUM,BEL,,Group stage,0,0,Outside,Goal,0,Off,6,Opponent,0,Failed,73,70,0,Yellow card,2,Yellow card,3,Inbetween,  268,Best 32
2,24,CANADA,CAN,,Group stage,0,0,Outside,Goal,0,Off,12,Opponent,1,Failed,66,70,0,Yellow card,3,Yellow card,2,Inbetween,  279,Best 32
2,25,SWITZERLAND,SUI,,Group stage,0,0,Outside,Goal,0,Off,4,Opponent,0,Failed,60,72,0,Yellow card,1,Yellow card,2,Inbetween,  256,Best 16
2,26,CAMEROON,CMR,,Group stage,0,0,Outside,Goal,0,Off,2,Opponent,1,Failed,76,75,0,Yellow card,2,Yellow card,1,Inbetween,  248,Best 32
2,27,URUGUAY,URU,,Group stage,0,0,Outside,Goal,0,Off,6,Opponent,0,Failed,69,79,0,Yellow card,1,Yellow card,1,Inbetween,  155,Best 32
2,28,KOREA REPUBLIC,KOR,,Group stage,0,0,Outside,Goal,0,Off,5,Opponent,0,Failed,79,65,0,Yellow card,1,Yellow card,1,Inbetween,  228,Best 16
2,29,PORTUGAL,POR,,Group stage,0,0,Outside,Goal,0,Off,3,Opponent,2,Failed,63,72,0,Yellow card,4,Yellow card,2,Inbetween,  308,Semi-finalist
2,30,GHANA,GHA,,Group stage,0,0,Outside,Goal,0,Off,5,Opponent,3,Failed,68,70,0,Yellow card,0,Yellow card,4,Inbetween,  187,Best 32
2,31,BRAZIL,BRA,,Group stage,0,0,Outside,Goal,0,Off,9,Opponent,0,Failed,59,63,0,Yellow card,4,Yellow card,0,Inbetween,  275,Quarter-finalist
2,32,SERBIA,SRB,,Group stage,0,0,Outside,Goal,0,Off,3,Opponent,2,Failed,62,76,0,Yellow card,1,Yellow card,3,Inbetween,  185,Best 32
2,33,WALES,WAL,,Group stage,0,0,Outside,Goal,0,Off,4,Opponent,2,Failed,95,82,0,Yellow card,3,Yellow card,1,Inbetween,  286,Best 32
2,34,IRAN,IRN,,Group stage,0,0,Outside,Goal,1,Off,6,Opponent,0,Failed,93,82,0,Yellow card,3,Yellow card,2,Inbetween,  149,Best 32
2,35,QATAR,QAT,,Group stage,0,0,Outside,Goal,0,Off,7,Opponent,3,Failed,71,68,0,Yellow card,2,Yellow card,3,Inbetween,  199,Best 32
2,36,SENEGAL,SEN,,Group stage,0,0,Outside,Goal,0,Off,6,Opponent,1,Failed,66,70,0,Yellow card,0,Yellow card,3,Inbetween,  190,Best 16
2,37,NETHERLANDS,NED,,Group stage,0,0,Outside,Goal,1,Off,1,Opponent,1,Failed,73,72,0,Yellow card,3,Yellow card,0,Inbetween,  267,Quarter-finalist
2,38,ECUADOR,ECU,,Group stage,0,0,Outside,Goal,0,Off,3,Opponent,1,Failed,80,77,0,Yellow card,0,Yellow card,1,Inbetween,  276,Best 32
2,39,ENGLAND,ENG,,Group stage,0,0,Outside,Goal,0,Off,4,Opponent,0,Failed,62,66,0,Yellow card,1,Yellow card,0,Inbetween,  290,Semi-finalist
2,40,UNITED STATES,USA,,Group stage,0,0,Outside,Goal,0,Off,7,Opponent,0,Failed,59,64,0,Yellow card,3,Yellow card,0,Inbetween,  238,Best 16
2,41,TUNISIA,TUN,,Group stage,0,0,Outside,Goal,0,Off,5,Opponent,1,Failed,105,84,0,Yellow card,0,Yellow card,3,Inbetween,  291,Best 32
2,42,AUSTRALIA,AUS,,Group stage,0,0,Outside,Goal,0,Off,3,Opponent,0,Failed,95,83,0,Yellow card,3,Yellow card,0,Inbetween,  120,Best 16
2,43,POLAND,POL,,Group stage,0,0,Outside,Goal,0,Off,3,Opponent,0,Failed,67,71,0,Yellow card,2,Yellow card,3,Inbetween,  164,Best 16
2,44,SAUDI ARABIA,KSA,,Group stage,0,0,Outside,Goal,0,Off,9,Opponent,2,Failed,66,81,0,Yellow card,3,Yellow card,2,Inbetween,  264,Best 32
2,45,FRANCE,FRA,,Group stage,0,0,Outside,Goal,0,Off,8,Opponent,1,Failed,66,66,0,Yellow card,2,Yellow card,1,Inbetween,  226,2nd place
2,46,DENMARK,DEN,,Group stage,0,0,Outside,Goal,0,Off,6,Opponent,2,Failed,64,73,0,Yellow card,1,Yellow card,2,Inbetween,  268,Best 32
2,47,ARGENTINA,ARG,,Group stage,0,0,Outside,Goal,1,Off,3,Opponent,0,Failed,69,76,0,Yellow card,4,Yellow card,1,Inbetween,  244,Champion
2,48,MEXICO,MEX,,Group stage,0,0,Outside,Goal,0,Off,2,Opponent,2,Failed,69,69,0,Yellow card,1,Yellow card,4,Inbetween,  151,Best 32
2,49,JAPAN,JPN,,Group stage,0,0,Outside,Goal,0,Off,4,Opponent,1,Failed,65,74,0,Yellow card,3,Yellow card,3,Inbetween,  255,Best 16
2,50,COSTA RICA,CRC,,Group stage,0,0,Outside,Goal,0,Off,1,Opponent,0,Failed,73,71,0,Yellow card,3,Yellow card,3,Inbetween,  177,Best 32
2,51,BELGIUM,BEL,,Group stage,0,0,Outside,Goal,0,Off,6,Opponent,2,Failed,73,70,0,Yellow card,1,Yellow card,1,Inbetween,  211,Best 32
2,52,MOROCCO,MAR,,Group stage,0,0,Outside,Goal,0,Off,6,Opponent,0,Failed,42,67,0,Yellow card,2,Yellow card,1,Inbetween,  173,4th place
2,53,CROATIA,CRO,,Group stage,0,0,Outside,Goal,1,Off,2,Opponent,1,Failed,71,78,0,Yellow card,1,Yellow card,2,Inbetween,  256,3rd place
2,54,CANADA,CAN,,Group stage,0,0,Outside,Goal,0,Off,3,Opponent,4,Failed,77,70,0,Yellow card,1,Yellow card,2,Inbetween,  247,Best 32
2,55,SPAIN,ESP,,Group stage,0,0,Outside,Goal,0,Off,4,Opponent,1,Failed,82,73,0,Yellow card,2,Yellow card,1,Inbetween,  270,Best 16
2,56,GERMANY,GER,,Group stage,0,0,Outside,Goal,0,Off,5,Opponent,1,Failed,71,71,0,Yellow card,2,Yellow card,3,Inbetween,  177,Best 32
2,57,CAMEROON,CMR,,Group stage,0,0,Outside,Goal,0,Off,3,Opponent,3,Failed,93,75,0,Yellow card,3,Yellow card,2,Inbetween,  149,Best 32
2,58,SERBIA,SRB,,Group stage,0,0,Outside,Goal,1,Off,8,Opponent,3,Failed,80,76,0,Yellow card,2,Yellow card,2,Inbetween,  261,Best 32
2,59,KOREA REPUBLIC,KOR,,Group stage,0,0,Outside,Goal,0,Off,8,Opponent,3,Failed,63,65,0,Yellow card,2,Yellow card,2,Inbetween,  234,Best 16
2,60,GHANA,GHA,,Group stage,0,0,Outside,Goal,0,Off,3,Opponent,2,Failed,59,70,0,Yellow card,1,Yellow card,2,Inbetween,  157,Best 32
2,61,BRAZIL,BRA,,Group stage,0,0,Outside,Goal,0,Off,2,Opponent,0,Failed,67,63,0,Yellow card,2,Yellow card,1,Inbetween,  218,Quarter-finalist
2,62,SWITZERLAND,SUI,,Group stage,0,0,Outside,Goal,0,Off,1,Opponent,1,Failed,73,72,0,Yellow card,3,Yellow card,1,Inbetween,  212,Best 16
2,63,PORTUGAL,POR,,Group stage,0,0,Outside,Goal,1,Off,7,Opponent,0,Failed,79,72,0,Yellow card,2,Yellow card,3,Inbetween,  327,Semi-finalist
2,64,URUGUAY,URU,,Group stage,0,0,Outside,Goal,0,Off,6,Opponent,2,Failed,84,79,0,Yellow card,3,Yellow card,2,Inbetween,  155,Best 32
2,65,NETHERLANDS,NED,,Group stage,0,0,Outside,Goal,0,Off,5,Opponent,0,Failed,55,72,0,Yellow card,0,Yellow card,1,Inbetween,  322,Quarter-finalist
2,66,QATAR,QAT,,Group stage,0,0,Outside,Goal,0,Off,2,Opponent,2,Failed,65,68,0,Yellow card,1,Yellow card,0,Inbetween,  245,Best 32
2,67,ECUADOR,ECU,,Group stage,0,0,Outside,Goal,0,Off,3,Opponent,2,Failed,79,77,0,Yellow card,1,Yellow card,0,Inbetween,  174,Best 32
2,68,SENEGAL,SEN,,Group stage,0,0,Outside,Goal,0,Off,8,Opponent,1,Failed,71,70,0,Yellow card,0,Yellow card,1,Inbetween,  115,Best 16
2,69,WALES,WAL,,Group stage,0,0,Outside,Goal,0,Off,3,Opponent,3,Failed,64,82,0,Yellow card,0,Yellow card,2,Inbetween,  138,Best 32
2,70,ENGLAND,ENG,,Group stage,0,0,Outside,Goal,1,Off,6,Opponent,0,Failed,59,66,0,Yellow card,2,Yellow card,0,Inbetween,  310,Semi-finalist
2,71,IRAN,IRN,,Group stage,0,0,Outside,Goal,0,Off,4,Opponent,1,Failed,84,82,0,Yellow card,1,Yellow card,3,Inbetween,  223,Best 32
2,72,UNITED STATES,USA,,Group stage,0,0,Outside,Goal,0,Off,4,Opponent,0,Failed,57,64,0,Yellow card,3,Yellow card,1,Inbetween,  262,Best 16
2,73,AUSTRALIA,AUS,,Group stage,0,0,Outside,Goal,0,Off,2,Opponent,0,Failed,99,83,0,Yellow card,1,Yellow card,2,Inbetween,  114,Best 16
2,74,DENMARK,DEN,,Group stage,0,0,Outside,Goal,0,Off,7,Opponent,1,Failed,83,73,0,Yellow card,1,Yellow card,1,Inbetween,  259,Best 32
2,75,TUNISIA,TUN,,Group stage,0,0,Outside,Goal,1,Off,2,Opponent,0,Failed,62,84,0,Yellow card,1,Yellow card,1,Inbetween,  175,Best 32
2,76,FRANCE,FRA,,Group stage,0,0,Outside,Goal,0,Off,4,Opponent,1,Failed,70,66,0,Yellow card,1,Yellow card,0,Inbetween,  212,2nd place
2,77,POLAND,POL,,Group stage,0,0,Outside,Goal,0,Off,2,Opponent,2,Failed,60,71,0,Yellow card,0,Yellow card,1,Inbetween,  126,Best 16
2,78,ARGENTINA,ARG,,Group stage,0,0,Outside,Goal,0,Off,8,Opponent,0,Failed,48,76,0,Yellow card,6,Yellow card,1,Inbetween,  282,Champion
2,79,SAUDI ARABIA,KSA,,Group stage,0,0,Outside,Goal,0,Off,8,Opponent,2,Failed,100,81,0,Yellow card,1,Yellow card,6,Inbetween,  162,Best 32
2,80,MEXICO,MEX,,Group stage,0,0,Outside,Goal,1,Off,8,Opponent,1,Failed,76,69,0,Yellow card,0,Yellow card,1,Inbetween,  158,Best 32
2,81,CROATIA,CRO,,Group stage,0,0,Outside,Goal,0,Off,5,Opponent,0,Failed,74,78,0,Yellow card,1,Yellow card,0,Inbetween,  338,3rd place
2,82,BELGIUM,BEL,,Group stage,0,0,Outside,Goal,0,Off,7,Opponent,0,Failed,65,70,0,Yellow card,4,Yellow card,1,Inbetween,  181,Best 32
2,83,CANADA,CAN,,Group stage,0,0,Outside,Goal,0,Off,4,Opponent,2,Failed,67,70,0,Yellow card,1,Yellow card,4,Inbetween,  211,Best 32
2,84,MOROCCO,MAR,,Group stage,0,0,Outside,Goal,1,Off,2,Opponent,0,Failed,76,67,0,Yellow card,3,Yellow card,0,Inbetween,  227,4th place
2,85,JAPAN,JPN,,Group stage,0,0,Outside,Goal,1,Off,2,Opponent,1,Failed,58,74,0,Yellow card,0,Yellow card,3,Inbetween,  106,Best 16
2,86,SPAIN,ESP,,Group stage,0,0,Outside,Goal,0,Off,3,Opponent,2,Failed,78,73,0,Yellow card,3,Yellow card,0,Inbetween,  286,Best 16
2,87,COSTA RICA,CRC,,Group stage,0,0,Outside,Goal,0,Off,1,Opponent,4,Failed,78,71,0,Yellow card,0,Yellow card,1,Inbetween,  156,Best 32
2,88,GERMANY,GER,,Group stage,0,0,Outside,Goal,0,Off,17,Opponent,2,Failed,66,71,0,Yellow card,1,Yellow card,0,Inbetween,  272,Best 32
2,89,GHANA,GHA,,Group stage,0,0,Outside,Goal,0,Off,4,Opponent,2,Failed,83,70,0,Yellow card,3,Yellow card,2,Inbetween,  247,Best 32
2,90,URUGUAY,URU,,Group stage,0,0,Outside,Goal,0,Off,5,Opponent,0,Failed,85,79,0,Yellow card,2,Yellow card,3,Inbetween,  157,Best 32
2,91,KOREA REPUBLIC,KOR,,Group stage,0,0,Outside,Goal,0,Off,4,Opponent,1,Failed,55,65,0,Yellow card,0,Yellow card,2,Inbetween,  186,Best 16
2,92,PORTUGAL,POR,,Group stage,0,0,Outside,Goal,0,Off,6,Opponent,2,Failed,65,72,0,Yellow card,2,Yellow card,0,Inbetween,  195,Semi-finalist
2,93,SERBIA,SRB,,Group stage,0,0,Outside,Goal,0,Off,6,Opponent,3,Failed,86,76,0,Yellow card,4,Yellow card,7,Inbetween,  214,Best 32
2,94,SWITZERLAND,SUI,,Group stage,0,0,Outside,Goal,0,Off,3,Opponent,2,Failed,78,72,0,Yellow card,7,Yellow card,4,Inbetween,  193,Best 16
2,95,CAMEROON,CMR,,Group stage,0,0,Outside,Goal,0,Off,3,Opponent,0,Failed,56,75,0,Yellow card,2,Yellow card,5,Inbetween,  144,Best 32
2,96,BRAZIL,BRA,,Group stage,0,0,Outside,Goal,0,Off,11,Opponent,1,Failed,57,63,0,Yellow card,2,Yellow card,2,Inbetween,  328,Quarter-finalist
2,97,NETHERLANDS,NED,,Round of 16,0,0,Outside,Goal,0,Off,4,Opponent,1,Failed,76,72,0,Yellow card,2,Yellow card,2,Inbetween,  200,Quarter-finalist
2,98,UNITED STATES,USA,,Round of 16,0,0,Outside,Goal,0,Off,4,Opponent,3,Failed,80,64,0,Yellow card,0,Yellow card,0,Inbetween,  360,Best 16
2,99,ARGENTINA,ARG,,Round of 16,0,0,Outside,Goal,0,Off,7,Opponent,0,Failed,76,76,0,Yellow card,0,Yellow card,0,Inbetween,  337,Champion
2,100,AUSTRALIA,AUS,,Round of 16,0,0,Outside,Goal,0,Off,2,Opponent,2,Failed,69,83,0,Yellow card,1,Yellow card,2,Inbetween,  184,Best 16
2,101,FRANCE,FRA,,Round of 16,0,0,Outside,Goal,0,Off,7,Opponent,1,Failed,59,66,0,Yellow card,2,Yellow card,1,Inbetween,  207,2nd place
2,102,POLAND,POL,,Round of 16,0,0,Outside,Goal,0,Off,5,Opponent,3,Failed,75,71,0,Yellow card,0,Yellow card,2,Inbetween,  224,Best 16
2,103,ENGLAND,ENG,,Round of 16,0,0,Outside,Goal,0,Off,4,Opponent,0,Failed,74,66,0,Yellow card,2,Yellow card,0,Inbetween,  276,Semi-finalist
2,104,SENEGAL,SEN,,Round of 16,0,0,Outside,Goal,0,Off,6,Opponent,3,Failed,73,70,0,Yellow card,0,Yellow card,1,Inbetween,  193,Best 16
2,105,JAPAN,JPN,,Round of 16,0,0,Outside,Goal,0,Off,4,Opponent,1,Failed,118,74,0,Yellow card,1,Yellow card,0,Inbetween,  270,Best 16
2,106,CROATIA,CRO,,Round of 16,0,0,Outside,Goal,0,Off,8,Opponent,1,Failed,111,78,0,Yellow card,0,Yellow card,2,Inbetween,  247,3rd place
2,107,BRAZIL,BRA,,Round of 16,0,0,Outside,Goal,0,Off,8,Opponent,1,Failed,60,63,0,Yellow card,1,Yellow card,0,Inbetween,  257,Quarter-finalist
2,108,KOREA REPUBLIC,KOR,,Round of 16,0,0,Outside,Goal,1,Off,2,Opponent,4,Failed,62,65,0,Yellow card,0,Yellow card,1,Inbetween,  270,Best 16
2,109,MOROCCO,MAR,,Round of 16,0,0,Outside,Goal,0,Off,3,Opponent,0,Failed,94,67,0,Yellow card,1,Yellow card,1,Inbetween,  176,4th place
2,110,SPAIN,ESP,,Round of 16,0,0,Outside,Goal,0,Off,6,Opponent,0,Failed,74,73,0,Yellow card,1,Yellow card,1,Inbetween,  279,Best 16
2,111,PORTUGAL,POR,,Round of 16,0,0,Outside,Goal,0,Off,2,Opponent,1,Failed,69,72,0,Yellow card,2,Yellow card,0,Inbetween,  241,Semi-finalist
2,112,SWITZERLAND,SUI,,Round of 16,0,0,Outside,Goal,0,Off,7,Opponent,6,Failed,76,72,0,Yellow card,0,Yellow card,2,Inbetween,  240,Best 16
2,113,CROATIA,CRO,,Quarter-final,0,0,Outside,Goal,0,Off,4,Opponent,1,Failed,83,78,0,Yellow card,3,Yellow card,2,Inbetween,  250,3rd place
2,114,BRAZIL,BRA,,Quarter-final,0,0,Outside,Goal,0,Off,4,Opponent,1,Failed,70,63,0,Yellow card,2,Yellow card,3,Inbetween,  239,Quarter-finalist
2,115,NETHERLANDS,NED,,Quarter-final,0,0,Outside,Goal,0,Off,2,Opponent,2,Failed,94,72,0,Yellow card,8,Yellow card,4,Inbetween,  278,Quarter-finalist
2,116,ARGENTINA,ARG,,Quarter-final,0,0,Outside,Goal,0,Off,8,Opponent,2,Failed,92,76,0,Yellow card,4,Yellow card,8,Inbetween,  278,Champion
2,117,MOROCCO,MAR,,Quarter-final,0,0,Outside,Goal,0,Off,6,Opponent,0,Failed,58,67,0,Yellow card,1,Yellow card,3,Inbetween,  150,4th place
2,118,PORTUGAL,POR,,Quarter-final,0,0,Outside,Goal,0,Off,6,Opponent,1,Failed,86,72,0,Yellow card,3,Yellow card,1,Inbetween,  208,Semi-finalist
2,119,ENGLAND,ENG,,Quarter-final,0,0,Outside,Goal,0,Off,4,Opponent,2,Failed,55,66,0,Yellow card,3,Yellow card,1,Inbetween,  312,Semi-finalist
2,120,FRANCE,FRA,,Quarter-final,0,0,Outside,Goal,1,Off,3,Opponent,1,Failed,59,66,0,Yellow card,1,Yellow card,3,Inbetween,  136,2nd place
2,121,ARGENTINA,ARG,,Semi-final,0,0,Outside,Goal,0,Off,2,Opponent,0,Failed,64,76,0,Yellow card,2,Yellow card,2,Inbetween,122,Champion
2,122,CROATIA,CRO,,Semi-final,0,0,Outside,Goal,0,Off,7,Opponent,3,Failed,73,78,0,Yellow card,2,Yellow card,2,Inbetween,291,3rd place
2,123,FRANCE,FRA,,Semi-final,0,0,Outside,Goal,0,Off,8,Opponent,0,Failed,51,66,0,Yellow card,1,Yellow card,0,Inbetween,99,2nd place
2,124,MOROCCO,MAR,,Semi-final,0,0,Outside,Goal,0,Off,6,Opponent,2,Failed,65,67,0,Yellow card,0,Yellow card,1,Inbetween,314,4th place
2,125,CROATIA,CRO,1,Play-off 3rd place,,,,,0,Off,8,Opponent,1,Failed,61,78,0,Yellow card,2,Yellow card,0,Inbetween,198,3rd place
2,126,MOROCCO,MAR,1,Play-off 3rd place,,,,,0,Off,5,Opponent,2,Failed,66,67,0,Yellow card,0,Yellow card,2,Inbetween,202,4th place
2,127,ARGENTINA,ARG,1,Final,,,,,0,Off,9,Opponent,3,Failed,104,76,0,Yellow card,3,Yellow card,4,Inbetween,270,Champion
2,128,FRANCE,FRA,1,Final,,,,,0,Off,3,Opponent,3,Failed,97,66,0,Yellow card,4,Yellow card,3,Inbetween,217,2nd place
3,1,QATAR,QAT,,Group stage,0,0,Inside,Not goal,2,Blocked,0,Own,0,Completed,0,0,0,Red card,0,Red card,0,Infront,  169,Best 32
3,2,ECUADOR,ECU,,Group stage,0,0,Inside,Not goal,2,Blocked,0,Own,0,Completed,0,0,0,Red card,0,Red card,0,Infront,  218,Best 32
3,3,ENGLAND,ENG,,Group stage,0,0,Inside,Not goal,4,Blocked,3,Own,0,Completed,0,0,0,Red card,0,Red card,0,Infront,  468,Semi-finalist
3,4,IRAN,IRN,,Group stage,0,0,Inside,Not goal,4,Blocked,1,Own,0,Completed,0,0,0,Red card,0,Red card,0,Infront,  73,Best 32
3,5,SENEGAL,SEN,,Group stage,0,0,Inside,Not goal,7,Blocked,3,Own,0,Completed,0,0,0,Red card,0,Red card,0,Infront,  149,Best 16
3,6,NETHERLANDS,NED,,Group stage,0,0,Inside,Not goal,3,Blocked,1,Own,0,Completed,0,0,0,Red card,0,Red card,0,Infront,  198,Quarter-finalist
3,7,UNITED STATES,USA,,Group stage,0,0,Inside,Not goal,3,Blocked,1,Own,0,Completed,0,0,0,Red card,0,Red card,0,Infront,  240,Best 16
3,8,WALES,WAL,,Group stage,0,0,Inside,Not goal,4,Blocked,1,Own,0,Completed,0,0,0,Red card,0,Red card,0,Infront,  164,Best 32
3,9,ARGENTINA,ARG,,Group stage,0,0,Inside,Not goal,9,Blocked,3,Own,0,Completed,0,0,0,Red card,0,Red card,0,Infront,  316,Champion
3,10,SAUDI ARABIA,KSA,,Group stage,0,0,Inside,Not goal,1,Blocked,1,Own,0,Completed,0,0,0,Red card,0,Red card,0,Infront,  68,Best 32
3,11,DENMARK,DEN,,Group stage,0,0,Inside,Not goal,7,Blocked,3,Own,0,Completed,0,0,0,Red card,0,Red card,0,Infront,  253,Best 32
3,12,TUNISIA,TUN,,Group stage,0,0,Inside,Not goal,6,Blocked,3,Own,0,Completed,0,0,0,Red card,0,Red card,0,Infront,  184,Best 32
3,13,MEXICO,MEX,,Group stage,0,0,Inside,Not goal,10,Blocked,4,Own,0,Completed,0,0,0,Red card,0,Red card,0,Infront,  217,Best 32
3,14,POLAND,POL,,Group stage,0,0,Inside,Not goal,7,Blocked,3,Own,0,Completed,0,0,0,Red card,0,Red card,0,Infront,  123,Best 16
3,15,FRANCE,FRA,,Group stage,0,0,Inside,Not goal,14,Blocked,6,Own,0,Completed,0,0,0,Red card,0,Red card,0,Infront,  359,2nd place
3,16,AUSTRALIA,AUS,,Group stage,0,0,Inside,Not goal,1,Blocked,0,Own,0,Completed,0,0,0,Red card,0,Red card,0,Infront,  218,Best 16
3,17,MOROCCO,MAR,,Group stage,0,0,Inside,Not goal,3,Blocked,6,Own,0,Completed,0,0,0,Red card,0,Red card,0,Infront,  199,4th place
3,18,CROATIA,CRO,,Group stage,0,0,Inside,Not goal,4,Blocked,2,Own,0,Completed,0,0,0,Red card,0,Red card,0,Infront,  330,3rd place
3,19,GERMANY,GER,,Group stage,0,0,Inside,Not goal,14,Blocked,5,Own,0,Completed,0,0,0,Red card,0,Red card,0,Infront,  300,Best 32
3,20,JAPAN,JPN,,Group stage,0,0,Inside,Not goal,8,Blocked,1,Own,0,Completed,0,0,0,Red card,0,Red card,0,Infront,  98,Best 16
3,21,SPAIN,ESP,,Group stage,0,0,Inside,Not goal,5,Blocked,2,Own,0,Completed,0,0,0,Red card,0,Red card,0,Infront,  487,Best 16
3,22,COSTA RICA,CRC,,Group stage,0,0,Inside,Not goal,0,Blocked,0,Own,0,Completed,0,0,0,Red card,0,Red card,0,Infront,  94,Best 32
3,23,BELGIUM,BEL,,Group stage,0,0,Inside,Not goal,5,Blocked,0,Own,0,Completed,0,0,0,Red card,0,Red card,0,Infront,  235,Best 32
3,24,CANADA,CAN,,Group stage,0,0,Inside,Not goal,16,Blocked,5,Own,0,Completed,0,0,0,Red card,0,Red card,0,Infront,  163,Best 32
3,25,SWITZERLAND,SUI,,Group stage,0,0,Inside,Not goal,5,Blocked,1,Own,0,Completed,0,0,0,Red card,0,Red card,0,Infront,  200,Best 16
3,26,CAMEROON,CMR,,Group stage,0,0,Inside,Not goal,6,Blocked,2,Own,0,Completed,0,0,0,Red card,0,Red card,0,Infront,  204,Best 32
3,27,URUGUAY,URU,,Group stage,0,0,Inside,Not goal,7,Blocked,4,Own,0,Completed,0,0,0,Red card,0,Red card,0,Infront,  254,Best 32
3,28,KOREA REPUBLIC,KOR,,Group stage,0,0,Inside,Not goal,1,Blocked,1,Own,0,Completed,0,0,0,Red card,0,Red card,0,Infront,  187,Best 16
3,29,PORTUGAL,POR,,Group stage,0,0,Inside,Not goal,4,Blocked,3,Own,0,Completed,0,0,0,Red card,0,Red card,0,Infront,  286,Semi-finalist
3,30,GHANA,GHA,,Group stage,0,0,Inside,Not goal,0,Blocked,0,Own,0,Completed,0,0,0,Red card,0,Red card,0,Infront,  185,Best 32
3,31,BRAZIL,BRA,,Group stage,0,0,Inside,Not goal,9,Blocked,5,Own,0,Completed,0,0,0,Red card,0,Red card,0,Infront,  308,Quarter-finalist
3,32,SERBIA,SRB,,Group stage,0,0,Inside,Not goal,1,Blocked,1,Own,0,Completed,0,0,0,Red card,1,Red card,0,Infront,  162,Best 32
3,33,WALES,WAL,,Group stage,0,0,Inside,Not goal,5,Blocked,3,Own,0,Completed,0,0,0,Red card,0,Red card,1,Infront,  301,Best 32
3,34,IRAN,IRN,,Group stage,0,0,Inside,Not goal,6,Blocked,9,Own,0,Completed,0,0,0,Red card,0,Red card,0,Infront,  85,Best 32
3,35,QATAR,QAT,,Group stage,0,0,Inside,Not goal,3,Blocked,1,Own,0,Completed,0,0,0,Red card,0,Red card,0,Infront,  203,Best 32
3,36,SENEGAL,SEN,,Group stage,0,0,Inside,Not goal,7,Blocked,2,Own,0,Completed,0,0,0,Red card,0,Red card,0,Infront,  227,Best 16
3,37,NETHERLANDS,NED,,Group stage,0,0,Inside,Not goal,0,Blocked,0,Own,0,Completed,0,0,0,Red card,0,Red card,0,Infront,  236,Quarter-finalist
3,38,ECUADOR,ECU,,Group stage,0,0,Inside,Not goal,7,Blocked,5,Own,0,Completed,0,0,0,Red card,0,Red card,0,Infront,  179,Best 32
3,39,ENGLAND,ENG,,Group stage,0,0,Inside,Not goal,6,Blocked,1,Own,0,Completed,0,0,0,Red card,0,Red card,0,Infront,  270,Semi-finalist
3,40,UNITED STATES,USA,,Group stage,0,0,Inside,Not goal,6,Blocked,1,Own,0,Completed,0,0,0,Red card,0,Red card,0,Infront,  172,Best 16
3,41,TUNISIA,TUN,,Group stage,0,0,Inside,Not goal,9,Blocked,4,Own,0,Completed,0,0,0,Red card,0,Red card,0,Infront,  253,Best 32
3,42,AUSTRALIA,AUS,,Group stage,0,0,Inside,Not goal,4,Blocked,3,Own,0,Completed,0,0,0,Red card,0,Red card,0,Infront,  114,Best 16
3,43,POLAND,POL,,Group stage,0,0,Inside,Not goal,6,Blocked,2,Own,0,Completed,0,0,0,Red card,0,Red card,0,Infront,  124,Best 16
3,44,SAUDI ARABIA,KSA,,Group stage,0,0,Inside,Not goal,9,Blocked,2,Own,0,Completed,0,0,0,Red card,0,Red card,0,Infront,  241,Best 32
3,45,FRANCE,FRA,,Group stage,0,0,Inside,Not goal,14,Blocked,7,Own,0,Completed,0,0,0,Red card,0,Red card,0,Infront,  293,2nd place
3,46,DENMARK,DEN,,Group stage,0,0,Inside,Not goal,4,Blocked,2,Own,0,Completed,0,0,0,Red card,0,Red card,0,Infront,  176,Best 32
3,47,ARGENTINA,ARG,,Group stage,0,0,Inside,Not goal,1,Blocked,0,Own,0,Completed,0,0,0,Red card,0,Red card,0,Infront,  222,Champion
3,48,MEXICO,MEX,,Group stage,0,0,Inside,Not goal,1,Blocked,1,Own,0,Completed,0,0,0,Red card,0,Red card,0,Infront,  144,Best 32
3,49,JAPAN,JPN,,Group stage,0,0,Inside,Not goal,7,Blocked,7,Own,0,Completed,0,0,0,Red card,0,Red card,0,Infront,  268,Best 16
3,50,COSTA RICA,CRC,,Group stage,0,0,Inside,Not goal,0,Blocked,2,Own,0,Completed,0,0,0,Red card,0,Red card,0,Infront,  175,Best 32
3,51,BELGIUM,BEL,,Group stage,0,0,Inside,Not goal,5,Blocked,0,Own,0,Completed,0,0,0,Red card,0,Red card,0,Infront,  377,Best 32
3,52,MOROCCO,MAR,,Group stage,0,0,Inside,Not goal,4,Blocked,1,Own,0,Completed,0,0,0,Red card,0,Red card,0,Infront,  159,4th place
3,53,CROATIA,CRO,,Group stage,0,0,Inside,Not goal,6,Blocked,1,Own,0,Completed,0,0,0,Red card,0,Red card,0,Infront,  204,3rd place
3,54,CANADA,CAN,,Group stage,0,0,Inside,Not goal,1,Blocked,4,Own,0,Completed,0,0,0,Red card,0,Red card,0,Infront,  224,Best 32
3,55,SPAIN,ESP,,Group stage,0,0,Inside,Not goal,2,Blocked,0,Own,0,Completed,0,0,0,Red card,0,Red card,0,Infront,  273,Best 16
3,56,GERMANY,GER,,Group stage,0,0,Inside,Not goal,6,Blocked,1,Own,0,Completed,0,0,0,Red card,0,Red card,0,Infront,  155,Best 32
3,57,CAMEROON,CMR,,Group stage,0,0,Inside,Not goal,6,Blocked,2,Own,0,Completed,0,0,0,Red card,0,Red card,0,Infront,  167,Best 32
3,58,SERBIA,SRB,,Group stage,0,0,Inside,Not goal,9,Blocked,2,Own,0,Completed,0,0,0,Red card,0,Red card,0,Infront,  198,Best 32
3,59,KOREA REPUBLIC,KOR,,Group stage,0,0,Inside,Not goal,13,Blocked,7,Own,0,Completed,0,0,0,Red card,0,Red card,0,Infront,  286,Best 16
3,60,GHANA,GHA,,Group stage,0,0,Inside,Not goal,4,Blocked,2,Own,0,Completed,0,0,0,Red card,0,Red card,0,Infront,  160,Best 32
3,61,BRAZIL,BRA,,Group stage,0,0,Inside,Not goal,5,Blocked,2,Own,0,Completed,0,0,0,Red card,0,Red card,0,Infront,  287,Quarter-finalist
3,62,SWITZERLAND,SUI,,Group stage,0,0,Inside,Not goal,2,Blocked,3,Own,0,Completed,0,0,0,Red card,0,Red card,0,Infront,  228,Best 16
3,63,PORTUGAL,POR,,Group stage,0,0,Inside,Not goal,3,Blocked,3,Own,0,Completed,0,0,0,Red card,0,Red card,0,Infront,  283,Semi-finalist
3,64,URUGUAY,URU,,Group stage,0,0,Inside,Not goal,6,Blocked,1,Own,0,Completed,0,0,0,Red card,0,Red card,0,Infront,  143,Best 32
3,65,NETHERLANDS,NED,,Group stage,0,0,Inside,Not goal,8,Blocked,4,Own,0,Completed,0,0,0,Red card,0,Red card,0,Infront,  306,Quarter-finalist
3,66,QATAR,QAT,,Group stage,0,0,Inside,Not goal,2,Blocked,0,Own,0,Completed,0,0,0,Red card,0,Red card,0,Infront,  229,Best 32
3,67,ECUADOR,ECU,,Group stage,0,0,Inside,Not goal,4,Blocked,1,Own,0,Completed,0,0,0,Red card,0,Red card,0,Infront,  196,Best 32
3,68,SENEGAL,SEN,,Group stage,0,0,Inside,Not goal,9,Blocked,2,Own,0,Completed,0,0,0,Red card,0,Red card,0,Infront,  77,Best 16
3,69,WALES,WAL,,Group stage,0,0,Inside,Not goal,1,Blocked,3,Own,0,Completed,0,0,0,Red card,0,Red card,0,Infront,  179,Best 32
3,70,ENGLAND,ENG,,Group stage,0,0,Inside,Not goal,11,Blocked,4,Own,0,Completed,0,0,0,Red card,0,Red card,0,Infront,  327,Semi-finalist
3,71,IRAN,IRN,,Group stage,0,0,Inside,Not goal,5,Blocked,0,Own,0,Completed,0,0,0,Red card,0,Red card,0,Infront,  175,Best 32
3,72,UNITED STATES,USA,,Group stage,0,0,Inside,Not goal,7,Blocked,3,Own,0,Completed,0,0,0,Red card,0,Red card,0,Infront,  302,Best 16
3,73,AUSTRALIA,AUS,,Group stage,0,0,Inside,Not goal,2,Blocked,2,Own,0,Completed,0,0,0,Red card,0,Red card,0,Infront,  100,Best 16
3,74,DENMARK,DEN,,Group stage,0,0,Inside,Not goal,11,Blocked,4,Own,0,Completed,0,0,0,Red card,0,Red card,0,Infront,  235,Best 32
3,75,TUNISIA,TUN,,Group stage,0,0,Inside,Not goal,2,Blocked,0,Own,0,Completed,0,0,0,Red card,0,Red card,0,Infront,  107,Best 32
3,76,FRANCE,FRA,,Group stage,0,0,Inside,Not goal,4,Blocked,2,Own,0,Completed,0,0,0,Red card,0,Red card,0,Infront,  322,2nd place
3,77,POLAND,POL,,Group stage,0,0,Inside,Not goal,2,Blocked,2,Own,0,Completed,0,0,0,Red card,0,Red card,0,Infront,  140,Best 16
3,78,ARGENTINA,ARG,,Group stage,0,0,Inside,Not goal,19,Blocked,4,Own,0,Completed,0,0,0,Red card,0,Red card,0,Infront,  450,Champion
3,79,SAUDI ARABIA,KSA,,Group stage,0,0,Inside,Not goal,5,Blocked,0,Own,0,Completed,0,0,0,Red card,0,Red card,0,Infront,  75,Best 32
3,80,MEXICO,MEX,,Group stage,0,0,Inside,Not goal,9,Blocked,7,Own,0,Completed,0,0,0,Red card,0,Red card,0,Infront,  140,Best 32
3,81,CROATIA,CRO,,Group stage,0,0,Inside,Not goal,7,Blocked,2,Own,0,Completed,0,0,0,Red card,0,Red card,0,Infront,  188,3rd place
3,82,BELGIUM,BEL,,Group stage,0,0,Inside,Not goal,12,Blocked,4,Own,0,Completed,0,0,0,Red card,0,Red card,0,Infront,  277,Best 32
3,83,CANADA,CAN,,Group stage,0,0,Inside,Not goal,4,Blocked,1,Own,0,Completed,0,0,0,Red card,0,Red card,0,Infront,  303,Best 32
3,84,MOROCCO,MAR,,Group stage,0,0,Inside,Not goal,3,Blocked,3,Own,0,Completed,0,0,0,Red card,0,Red card,0,Infront,  188,4th place
3,85,JAPAN,JPN,,Group stage,0,0,Inside,Not goal,3,Blocked,1,Own,0,Completed,0,0,0,Red card,0,Red card,0,Infront,  132,Best 16
3,86,SPAIN,ESP,,Group stage,0,0,Inside,Not goal,6,Blocked,6,Own,0,Completed,0,0,0,Red card,0,Red card,0,Infront,  678,Best 16
3,87,COSTA RICA,CRC,,Group stage,0,0,Inside,Not goal,4,Blocked,1,Own,0,Completed,0,0,0,Red card,0,Red card,0,Infront,  88,Best 32
3,88,GERMANY,GER,,Group stage,0,0,Inside,Not goal,20,Blocked,4,Own,0,Completed,0,0,0,Red card,0,Red card,0,Infront,  258,Best 32
3,89,GHANA,GHA,,Group stage,0,0,Inside,Not goal,4,Blocked,1,Own,0,Completed,0,0,0,Red card,0,Red card,0,Infront,  196,Best 32
3,90,URUGUAY,URU,,Group stage,0,0,Inside,Not goal,5,Blocked,0,Own,0,Completed,0,0,0,Red card,0,Red card,0,Infront,  150,Best 32
3,91,KOREA REPUBLIC,KOR,,Group stage,0,0,Inside,Not goal,4,Blocked,2,Own,0,Completed,0,0,0,Red card,0,Red card,0,Infront,  191,Best 16
3,92,PORTUGAL,POR,,Group stage,0,0,Inside,Not goal,4,Blocked,2,Own,0,Completed,0,0,0,Red card,0,Red card,0,Infront,  386,Semi-finalist
3,93,SERBIA,SRB,,Group stage,0,0,Inside,Not goal,8,Blocked,1,Own,0,Completed,0,0,0,Red card,0,Red card,0,Infront,  271,Best 32
3,94,SWITZERLAND,SUI,,Group stage,0,0,Inside,Not goal,7,Blocked,4,Own,0,Completed,0,0,0,Red card,0,Red card,0,Infront,  155,Best 16
3,95,CAMEROON,CMR,,Group stage,0,0,Inside,Not goal,4,Blocked,1,Own,0,Completed,0,0,0,Red card,0,Red card,1,Infront,  165,Best 32
3,96,BRAZIL,BRA,,Group stage,0,0,Inside,Not goal,14,Blocked,2,Own,0,Completed,0,0,0,Red card,0,Red card,0,Infront,  170,Quarter-finalist
3,97,NETHERLANDS,NED,,Round of 16,0,0,Inside,Not goal,4,Blocked,1,Own,0,Completed,0,0,0,Red card,0,Red card,0,Infront,  131,Quarter-finalist
3,98,UNITED STATES,USA,,Round of 16,0,0,Inside,Not goal,10,Blocked,7,Own,0,Completed,0,0,0,Red card,0,Red card,0,Infront,  281,Best 16
3,99,ARGENTINA,ARG,,Round of 16,0,0,Inside,Not goal,9,Blocked,2,Own,0,Completed,0,0,0,Red card,0,Red card,0,Infront,  401,Champion
3,100,AUSTRALIA,AUS,,Round of 16,0,0,Inside,Not goal,3,Blocked,1,Own,0,Completed,0,0,0,Red card,0,Red card,0,Infront,  249,Best 16
3,101,FRANCE,FRA,,Round of 16,0,0,Inside,Not goal,7,Blocked,2,Own,0,Completed,0,0,0,Red card,0,Red card,0,Infront,  243,2nd place
3,102,POLAND,POL,,Round of 16,0,0,Inside,Not goal,7,Blocked,3,Own,0,Completed,0,0,0,Red card,0,Red card,0,Infront,  153,Best 16
3,103,ENGLAND,ENG,,Round of 16,0,0,Inside,Not goal,4,Blocked,0,Own,0,Completed,0,0,0,Red card,0,Red card,0,Infront,  378,Semi-finalist
3,104,SENEGAL,SEN,,Round of 16,0,0,Inside,Not goal,4,Blocked,2,Own,0,Completed,0,0,0,Red card,0,Red card,0,Infront,  201,Best 16
3,105,JAPAN,JPN,,Round of 16,0,0,Inside,Not goal,4,Blocked,4,Own,0,Completed,0,0,0,Red card,0,Red card,0,Infront,  265,Best 16
3,106,CROATIA,CRO,,Round of 16,0,0,Inside,Not goal,8,Blocked,4,Own,0,Completed,0,0,0,Red card,0,Red card,0,Infront,  295,3rd place
3,107,BRAZIL,BRA,,Round of 16,0,0,Inside,Not goal,10,Blocked,1,Own,0,Completed,0,0,0,Red card,0,Red card,0,Infront,  260,Quarter-finalist
3,108,KOREA REPUBLIC,KOR,,Round of 16,0,0,Inside,Not goal,6,Blocked,2,Own,0,Completed,0,0,0,Red card,0,Red card,0,Infront,  161,Best 16
3,109,MOROCCO,MAR,,Round of 16,0,0,Inside,Not goal,3,Blocked,0,Own,0,Completed,0,0,0,Red card,0,Red card,0,Infront,  159,4th place
3,110,SPAIN,ESP,,Round of 16,0,0,Inside,Not goal,9,Blocked,6,Own,0,Completed,0,0,0,Red card,0,Red card,0,Infront,  435,Best 16
3,111,PORTUGAL,POR,,Round of 16,0,0,Inside,Not goal,3,Blocked,3,Own,0,Completed,0,0,0,Red card,0,Red card,0,Infront,  239,Semi-finalist
3,112,SWITZERLAND,SUI,,Round of 16,0,0,Inside,Not goal,4,Blocked,2,Own,0,Completed,0,0,0,Red card,0,Red card,0,Infront,  262,Best 16
3,113,CROATIA,CRO,,Quarter-final,0,0,Inside,Not goal,4,Blocked,4,Own,0,Completed,0,0,0,Red card,0,Red card,0,Infront,  268,3rd place
3,114,BRAZIL,BRA,,Quarter-final,0,0,Inside,Not goal,11,Blocked,5,Own,0,Completed,0,0,0,Red card,0,Red card,0,Infront,  345,Quarter-finalist
3,115,NETHERLANDS,NED,,Quarter-final,0,0,Inside,Not goal,1,Blocked,1,Own,0,Completed,0,0,0,Red card,0,Red card,0,Infront,  327,Quarter-finalist
3,116,ARGENTINA,ARG,,Quarter-final,0,0,Inside,Not goal,3,Blocked,1,Own,0,Completed,0,0,0,Red card,0,Red card,0,Infront,  269,Champion
3,117,MOROCCO,MAR,,Quarter-final,0,0,Inside,Not goal,4,Blocked,0,Own,0,Completed,0,0,0,Red card,0,Red card,1,Infront,  121,4th place
3,118,PORTUGAL,POR,,Quarter-final,0,0,Inside,Not goal,7,Blocked,2,Own,0,Completed,0,0,0,Red card,1,Red card,0,Infront,  367,Semi-finalist
3,119,ENGLAND,ENG,,Quarter-final,0,0,Inside,Not goal,5,Blocked,4,Own,0,Completed,0,0,0,Red card,0,Red card,0,Infront,  222,Semi-finalist
3,120,FRANCE,FRA,,Quarter-final,0,0,Inside,Not goal,5,Blocked,1,Own,0,Completed,0,0,0,Red card,0,Red card,0,Infront,  181,2nd place
3,121,ARGENTINA,ARG,,Semi-final,0,0,Inside,Not goal,4,Blocked,1,Own,0,Completed,0,0,0,Red card,0,Red card,0,Infront,138,Champion
3,122,CROATIA,CRO,,Semi-final,0,0,Inside,Not goal,6,Blocked,2,Own,0,Completed,0,0,0,Red card,0,Red card,0,Infront,216,3rd place
3,123,FRANCE,FRA,,Semi-final,0,0,Inside,Not goal,10,Blocked,4,Own,0,Completed,0,0,0,Red card,0,Red card,0,Infront,149,2nd place
3,124,MOROCCO,MAR,,Semi-final,0,0,Inside,Not goal,8,Blocked,6,Own,0,Completed,0,0,0,Red card,0,Red card,0,Infront,252,4th place
3,125,CROATIA,CRO,1,Play-off 3rd place,0,0,Inside,Not goal,5,Blocked,2,Own,0,Completed,0,0,0,Red card,0,Red card,0,Infront,204,3rd place
3,126,MOROCCO,MAR,1,Play-off 3rd place,0,0,Inside,Not goal,4,Blocked,0,Own,0,Completed,0,0,0,Red card,0,Red card,0,Infront,280,4th place
3,127,ARGENTINA,ARG,1,Final,0,0,Inside,Not goal,10,Blocked,3,Own,0,Completed,0,0,0,Red card,0,Red card,0,Infront,201,Champion
3,128,FRANCE,FRA,1,Final,0,0,Inside,Not goal,4,Blocked,2,Own,0,Completed,0,0,0,Red card,0,Red card,0,Infront,192,2nd place
4,1,QATAR,QAT,,Group stage,0,0,Outside,Not goal,3,On,0,Own,0,Completed,0,0,0,No card,0,No card,0,Inbehind,0,Best 32
4,2,ECUADOR,ECU,,Group stage,0,0,Outside,Not goal,2,On,0,Own,0,Completed,0,0,0,No card,0,No card,0,Inbehind,0,Best 32
4,3,ENGLAND,ENG,,Group stage,0,0,Outside,Not goal,3,On,0,Own,0,Completed,0,0,0,No card,0,No card,0,Inbehind,0,Semi-finalist
4,4,IRAN,IRN,,Group stage,0,0,Outside,Not goal,2,On,0,Own,0,Completed,0,0,0,No card,0,No card,0,Inbehind,0,Best 32
4,5,SENEGAL,SEN,,Group stage,0,0,Outside,Not goal,7,On,0,Own,0,Completed,0,0,0,No card,0,No card,0,Inbehind,0,Best 16
4,6,NETHERLANDS,NED,,Group stage,0,0,Outside,Not goal,4,On,0,Own,0,Completed,0,0,0,No card,0,No card,0,Inbehind,0,Quarter-finalist
4,7,UNITED STATES,USA,,Group stage,0,0,Outside,Not goal,2,On,0,Own,0,Completed,0,0,0,No card,0,No card,0,Inbehind,0,Best 16
4,8,WALES,WAL,,Group stage,0,0,Outside,Not goal,2,On,0,Own,0,Completed,0,0,0,No card,0,No card,0,Inbehind,0,Best 32
4,9,ARGENTINA,ARG,,Group stage,0,0,Outside,Not goal,4,On,0,Own,0,Completed,0,0,0,No card,0,No card,0,Inbehind,0,Champion
4,10,SAUDI ARABIA,KSA,,Group stage,0,0,Outside,Not goal,0,On,0,Own,0,Completed,0,0,0,No card,0,No card,0,Inbehind,0,Best 32
4,11,DENMARK,DEN,,Group stage,0,0,Outside,Not goal,4,On,0,Own,0,Completed,0,0,0,No card,0,No card,0,Inbehind,0,Best 32
4,12,TUNISIA,TUN,,Group stage,0,0,Outside,Not goal,5,On,0,Own,0,Completed,0,0,0,No card,0,No card,0,Inbehind,0,Best 32
4,13,MEXICO,MEX,,Group stage,0,0,Outside,Not goal,3,On,0,Own,0,Completed,0,0,0,No card,0,No card,0,Inbehind,0,Best 32
4,14,POLAND,POL,,Group stage,0,0,Outside,Not goal,1,On,0,Own,0,Completed,0,0,0,No card,0,No card,0,Inbehind,0,Best 16
4,15,FRANCE,FRA,,Group stage,0,0,Outside,Not goal,4,On,0,Own,0,Completed,0,0,0,No card,0,No card,0,Inbehind,0,2nd place
4,16,AUSTRALIA,AUS,,Group stage,0,0,Outside,Not goal,2,On,0,Own,0,Completed,0,0,0,No card,0,No card,0,Inbehind,0,Best 16
4,17,MOROCCO,MAR,,Group stage,0,0,Outside,Not goal,5,On,0,Own,0,Completed,0,0,0,No card,0,No card,0,Inbehind,0,4th place
4,18,CROATIA,CRO,,Group stage,0,0,Outside,Not goal,2,On,0,Own,0,Completed,0,0,0,No card,0,No card,0,Inbehind,0,3rd place
4,19,GERMANY,GER,,Group stage,0,0,Outside,Not goal,10,On,0,Own,0,Completed,0,0,0,No card,0,No card,0,Inbehind,0,Best 32
4,20,JAPAN,JPN,,Group stage,0,0,Outside,Not goal,0,On,0,Own,0,Completed,0,0,0,No card,0,No card,0,Inbehind,0,Best 16
4,21,SPAIN,ESP,,Group stage,0,0,Outside,Not goal,5,On,0,Own,0,Completed,0,0,0,No card,0,No card,0,Inbehind,0,Best 16
4,22,COSTA RICA,CRC,,Group stage,0,0,Outside,Not goal,0,On,0,Own,0,Completed,0,0,0,No card,0,No card,0,Inbehind,0,Best 32
4,23,BELGIUM,BEL,,Group stage,0,0,Outside,Not goal,3,On,0,Own,0,Completed,0,0,0,No card,0,No card,0,Inbehind,0,Best 32
4,24,CANADA,CAN,,Group stage,0,0,Outside,Not goal,5,On,0,Own,0,Completed,0,0,0,No card,0,No card,0,Inbehind,0,Best 32
4,25,SWITZERLAND,SUI,,Group stage,0,0,Outside,Not goal,2,On,0,Own,0,Completed,0,0,0,No card,0,No card,0,Inbehind,0,Best 16
4,26,CAMEROON,CMR,,Group stage,0,0,Outside,Not goal,1,On,0,Own,0,Completed,0,0,0,No card,0,No card,0,Inbehind,0,Best 32
4,27,URUGUAY,URU,,Group stage,0,0,Outside,Not goal,3,On,0,Own,0,Completed,0,0,0,No card,0,No card,0,Inbehind,0,Best 32
4,28,KOREA REPUBLIC,KOR,,Group stage,0,0,Outside,Not goal,5,On,0,Own,0,Completed,0,0,0,No card,0,No card,0,Inbehind,0,Best 16
4,29,PORTUGAL,POR,,Group stage,0,0,Outside,Not goal,4,On,0,Own,0,Completed,0,0,0,No card,0,No card,0,Inbehind,0,Semi-finalist
4,30,GHANA,GHA,,Group stage,0,0,Outside,Not goal,6,On,0,Own,0,Completed,0,0,0,No card,0,No card,0,Inbehind,0,Best 32
4,31,BRAZIL,BRA,,Group stage,0,0,Outside,Not goal,13,On,0,Own,0,Completed,0,0,0,No card,0,No card,0,Inbehind,0,Quarter-finalist
4,32,SERBIA,SRB,,Group stage,0,0,Outside,Not goal,3,On,0,Own,0,Completed,0,0,0,No card,0,No card,0,Inbehind,0,Best 32
4,33,WALES,WAL,,Group stage,0,0,Outside,Not goal,5,On,0,Own,0,Completed,0,0,0,No card,0,No card,0,Inbehind,0,Best 32
4,34,IRAN,IRN,,Group stage,0,0,Outside,Not goal,13,On,0,Own,0,Completed,0,0,0,No card,0,No card,0,Inbehind,0,Best 32
4,35,QATAR,QAT,,Group stage,0,0,Outside,Not goal,6,On,0,Own,0,Completed,0,0,0,No card,0,No card,0,Inbehind,0,Best 32
4,36,SENEGAL,SEN,,Group stage,0,0,Outside,Not goal,2,On,0,Own,0,Completed,0,0,0,No card,0,No card,0,Inbehind,0,Best 16
4,37,NETHERLANDS,NED,,Group stage,0,0,Outside,Not goal,1,On,0,Own,0,Completed,0,0,0,No card,0,No card,0,Inbehind,0,Quarter-finalist
4,38,ECUADOR,ECU,,Group stage,0,0,Outside,Not goal,5,On,0,Own,0,Completed,0,0,0,No card,0,No card,0,Inbehind,0,Best 32
4,39,ENGLAND,ENG,,Group stage,0,0,Outside,Not goal,2,On,0,Own,0,Completed,0,0,0,No card,0,No card,0,Inbehind,0,Semi-finalist
4,40,UNITED STATES,USA,,Group stage,0,0,Outside,Not goal,4,On,0,Own,0,Completed,0,0,0,No card,0,No card,0,Inbehind,0,Best 16
4,41,TUNISIA,TUN,,Group stage,0,0,Outside,Not goal,4,On,0,Own,0,Completed,0,0,0,No card,0,No card,0,Inbehind,0,Best 32
4,42,AUSTRALIA,AUS,,Group stage,0,0,Outside,Not goal,3,On,0,Own,0,Completed,0,0,0,No card,0,No card,0,Inbehind,0,Best 16
4,43,POLAND,POL,,Group stage,0,0,Outside,Not goal,0,On,0,Own,0,Completed,0,0,0,No card,0,No card,0,Inbehind,0,Best 16
4,44,SAUDI ARABIA,KSA,,Group stage,0,0,Outside,Not goal,7,On,0,Own,0,Completed,0,0,0,No card,0,No card,0,Inbehind,0,Best 32
4,45,FRANCE,FRA,,Group stage,0,0,Outside,Not goal,5,On,0,Own,0,Completed,0,0,0,No card,0,No card,0,Inbehind,0,2nd place
4,46,DENMARK,DEN,,Group stage,0,0,Outside,Not goal,5,On,0,Own,0,Completed,0,0,0,No card,0,No card,0,Inbehind,0,Best 32
4,47,ARGENTINA,ARG,,Group stage,0,0,Outside,Not goal,2,On,0,Own,0,Completed,0,0,0,No card,0,No card,0,Inbehind,0,Champion
4,48,MEXICO,MEX,,Group stage,0,0,Outside,Not goal,3,On,0,Own,0,Completed,0,0,0,No card,0,No card,0,Inbehind,0,Best 32
4,49,JAPAN,JPN,,Group stage,0,0,Outside,Not goal,7,On,0,Own,0,Completed,0,0,0,No card,0,No card,0,Inbehind,0,Best 16
4,50,COSTA RICA,CRC,,Group stage,0,0,Outside,Not goal,3,On,0,Own,0,Completed,0,0,0,No card,0,No card,0,Inbehind,0,Best 32
4,51,BELGIUM,BEL,,Group stage,0,0,Outside,Not goal,5,On,0,Own,0,Completed,0,0,0,No card,0,No card,0,Inbehind,0,Best 32
4,52,MOROCCO,MAR,,Group stage,0,0,Outside,Not goal,5,On,0,Own,0,Completed,0,0,0,No card,0,No card,0,Inbehind,0,4th place
4,53,CROATIA,CRO,,Group stage,0,0,Outside,Not goal,3,On,0,Own,0,Completed,0,0,0,No card,0,No card,0,Inbehind,0,3rd place
4,54,CANADA,CAN,,Group stage,0,0,Outside,Not goal,7,On,0,Own,0,Completed,0,0,0,No card,0,No card,0,Inbehind,0,Best 32
4,55,SPAIN,ESP,,Group stage,0,0,Outside,Not goal,4,On,0,Own,0,Completed,0,0,0,No card,0,No card,0,Inbehind,0,Best 16
4,56,GERMANY,GER,,Group stage,0,0,Outside,Not goal,3,On,0,Own,0,Completed,0,0,0,No card,0,No card,0,Inbehind,0,Best 32
4,57,CAMEROON,CMR,,Group stage,0,0,Outside,Not goal,4,On,0,Own,0,Completed,0,0,0,No card,0,No card,0,Inbehind,0,Best 32
4,58,SERBIA,SRB,,Group stage,0,0,Outside,Not goal,4,On,0,Own,0,Completed,0,0,0,No card,0,No card,0,Inbehind,0,Best 32
4,59,KOREA REPUBLIC,KOR,,Group stage,0,0,Outside,Not goal,6,On,0,Own,0,Completed,0,0,0,No card,0,No card,0,Inbehind,0,Best 16
4,60,GHANA,GHA,,Group stage,0,0,Outside,Not goal,1,On,0,Own,0,Completed,0,0,0,No card,0,No card,0,Inbehind,0,Best 32
4,61,BRAZIL,BRA,,Group stage,0,0,Outside,Not goal,3,On,0,Own,0,Completed,0,0,0,No card,0,No card,0,Inbehind,0,Quarter-finalist
4,62,SWITZERLAND,SUI,,Group stage,0,0,Outside,Not goal,2,On,0,Own,0,Completed,0,0,0,No card,0,No card,0,Inbehind,0,Best 16
4,63,PORTUGAL,POR,,Group stage,0,0,Outside,Not goal,9,On,0,Own,0,Completed,0,0,0,No card,0,No card,0,Inbehind,0,Semi-finalist
4,64,URUGUAY,URU,,Group stage,0,0,Outside,Not goal,4,On,0,Own,0,Completed,0,0,0,No card,0,No card,0,Inbehind,0,Best 32
4,65,NETHERLANDS,NED,,Group stage,0,0,Outside,Not goal,3,On,0,Own,0,Completed,0,0,0,No card,0,No card,0,Inbehind,0,Quarter-finalist
4,66,QATAR,QAT,,Group stage,0,0,Outside,Not goal,4,On,0,Own,0,Completed,0,0,0,No card,0,No card,0,Inbehind,0,Best 32
4,67,ECUADOR,ECU,,Group stage,0,0,Outside,Not goal,3,On,0,Own,0,Completed,0,0,0,No card,0,No card,0,Inbehind,0,Best 32
4,68,SENEGAL,SEN,,Group stage,0,0,Outside,Not goal,4,On,0,Own,0,Completed,0,0,0,No card,0,No card,0,Inbehind,0,Best 16
4,69,WALES,WAL,,Group stage,0,0,Outside,Not goal,6,On,0,Own,0,Completed,0,0,0,No card,0,No card,0,Inbehind,0,Best 32
4,70,ENGLAND,ENG,,Group stage,0,0,Outside,Not goal,3,On,0,Own,0,Completed,0,0,0,No card,0,No card,0,Inbehind,0,Semi-finalist
4,71,IRAN,IRN,,Group stage,0,0,Outside,Not goal,1,On,0,Own,0,Completed,0,0,0,No card,0,No card,0,Inbehind,0,Best 32
4,72,UNITED STATES,USA,,Group stage,0,0,Outside,Not goal,4,On,0,Own,0,Completed,0,0,0,No card,0,No card,0,Inbehind,0,Best 16
4,73,AUSTRALIA,AUS,,Group stage,0,0,Outside,Not goal,5,On,0,Own,0,Completed,0,0,0,No card,0,No card,0,Inbehind,0,Best 16
4,74,DENMARK,DEN,,Group stage,0,0,Outside,Not goal,3,On,0,Own,0,Completed,0,0,0,No card,0,No card,0,Inbehind,0,Best 32
4,75,TUNISIA,TUN,,Group stage,0,0,Outside,Not goal,2,On,0,Own,0,Completed,0,0,0,No card,0,No card,0,Inbehind,0,Best 32
4,76,FRANCE,FRA,,Group stage,0,0,Outside,Not goal,5,On,0,Own,0,Completed,0,0,0,No card,0,No card,0,Inbehind,0,2nd place
4,77,POLAND,POL,,Group stage,0,0,Outside,Not goal,2,On,0,Own,0,Completed,0,0,0,No card,0,No card,0,Inbehind,0,Best 16
4,78,ARGENTINA,ARG,,Group stage,0,0,Outside,Not goal,4,On,0,Own,0,Completed,0,0,0,No card,0,No card,0,Inbehind,0,Champion
4,79,SAUDI ARABIA,KSA,,Group stage,0,0,Outside,Not goal,4,On,0,Own,0,Completed,0,0,0,No card,0,No card,0,Inbehind,0,Best 32
4,80,MEXICO,MEX,,Group stage,0,0,Outside,Not goal,14,On,0,Own,0,Completed,0,0,0,No card,0,No card,0,Inbehind,0,Best 32
4,81,CROATIA,CRO,,Group stage,0,0,Outside,Not goal,4,On,0,Own,0,Completed,0,0,0,No card,0,No card,0,Inbehind,0,3rd place
4,82,BELGIUM,BEL,,Group stage,0,0,Outside,Not goal,3,On,0,Own,0,Completed,0,0,0,No card,0,No card,0,Inbehind,0,Best 32
4,83,CANADA,CAN,,Group stage,0,0,Outside,Not goal,1,On,0,Own,0,Completed,0,0,0,No card,0,No card,0,Inbehind,0,Best 32
4,84,MOROCCO,MAR,,Group stage,0,0,Outside,Not goal,2,On,0,Own,0,Completed,0,0,0,No card,0,No card,0,Inbehind,0,4th place
4,85,JAPAN,JPN,,Group stage,0,0,Outside,Not goal,1,On,0,Own,0,Completed,0,0,0,No card,0,No card,0,Inbehind,0,Best 16
4,86,SPAIN,ESP,,Group stage,0,0,Outside,Not goal,7,On,0,Own,0,Completed,0,0,0,No card,0,No card,0,Inbehind,0,Best 16
4,87,COSTA RICA,CRC,,Group stage,0,0,Outside,Not goal,2,On,0,Own,0,Completed,0,0,0,No card,0,No card,0,Inbehind,0,Best 32
4,88,GERMANY,GER,,Group stage,0,0,Outside,Not goal,8,On,0,Own,0,Completed,0,0,0,No card,0,No card,0,Inbehind,0,Best 32
4,89,GHANA,GHA,,Group stage,0,0,Outside,Not goal,5,On,0,Own,0,Completed,0,0,0,No card,0,No card,0,Inbehind,0,Best 32
4,90,URUGUAY,URU,,Group stage,0,0,Outside,Not goal,5,On,0,Own,0,Completed,0,0,0,No card,0,No card,0,Inbehind,0,Best 32
4,91,KOREA REPUBLIC,KOR,,Group stage,0,0,Outside,Not goal,6,On,0,Own,0,Completed,0,0,0,No card,0,No card,0,Inbehind,0,Best 16
4,92,PORTUGAL,POR,,Group stage,0,0,Outside,Not goal,7,On,0,Own,0,Completed,0,0,0,No card,0,No card,0,Inbehind,0,Semi-finalist
4,93,SERBIA,SRB,,Group stage,0,0,Outside,Not goal,1,On,0,Own,0,Completed,0,0,0,No card,0,No card,0,Inbehind,0,Best 32
4,94,SWITZERLAND,SUI,,Group stage,0,0,Outside,Not goal,4,On,0,Own,0,Completed,0,0,0,No card,0,No card,0,Inbehind,0,Best 16
4,95,CAMEROON,CMR,,Group stage,0,0,Outside,Not goal,2,On,0,Own,0,Completed,0,0,0,No card,0,No card,0,Inbehind,0,Best 32
4,96,BRAZIL,BRA,,Group stage,0,0,Outside,Not goal,5,On,0,Own,0,Completed,0,0,0,No card,0,No card,0,Inbehind,0,Quarter-finalist
4,97,NETHERLANDS,NED,,Round of 16,0,0,Outside,Not goal,4,On,0,Own,0,Completed,0,0,0,No card,0,No card,0,Inbehind,0,Quarter-finalist
4,98,UNITED STATES,USA,,Round of 16,0,0,Outside,Not goal,7,On,0,Own,0,Completed,0,0,0,No card,0,No card,0,Inbehind,0,Best 16
4,99,ARGENTINA,ARG,,Round of 16,0,0,Outside,Not goal,3,On,0,Own,0,Completed,0,0,0,No card,0,No card,0,Inbehind,0,Champion
4,100,AUSTRALIA,AUS,,Round of 16,0,0,Outside,Not goal,2,On,0,Own,0,Completed,0,0,0,No card,0,No card,0,Inbehind,0,Best 16
4,101,FRANCE,FRA,,Round of 16,0,0,Outside,Not goal,6,On,0,Own,0,Completed,0,0,0,No card,0,No card,0,Inbehind,0,2nd place
4,102,POLAND,POL,,Round of 16,0,0,Outside,Not goal,3,On,0,Own,0,Completed,0,0,0,No card,0,No card,0,Inbehind,0,Best 16
4,103,ENGLAND,ENG,,Round of 16,0,0,Outside,Not goal,1,On,0,Own,0,Completed,0,0,0,No card,0,No card,0,Inbehind,0,Semi-finalist
4,104,SENEGAL,SEN,,Round of 16,0,0,Outside,Not goal,6,On,0,Own,0,Completed,0,0,0,No card,0,No card,0,Inbehind,0,Best 16
4,105,JAPAN,JPN,,Round of 16,0,0,Outside,Not goal,7,On,0,Own,0,Completed,0,0,0,No card,0,No card,0,Inbehind,0,Best 16
4,106,CROATIA,CRO,,Round of 16,0,0,Outside,Not goal,7,On,0,Own,0,Completed,0,0,0,No card,0,No card,0,Inbehind,0,3rd place
4,107,BRAZIL,BRA,,Round of 16,0,0,Outside,Not goal,4,On,0,Own,0,Completed,0,0,0,No card,0,No card,0,Inbehind,0,Quarter-finalist
4,108,KOREA REPUBLIC,KOR,,Round of 16,0,0,Outside,Not goal,3,On,0,Own,0,Completed,0,0,0,No card,0,No card,0,Inbehind,0,Best 16
4,109,MOROCCO,MAR,,Round of 16,0,0,Outside,Not goal,3,On,0,Own,0,Completed,0,0,0,No card,0,No card,0,Inbehind,0,4th place
4,110,SPAIN,ESP,,Round of 16,0,0,Outside,Not goal,4,On,0,Own,0,Completed,0,0,0,No card,0,No card,0,Inbehind,0,Best 16
4,111,PORTUGAL,POR,,Round of 16,0,0,Outside,Not goal,5,On,0,Own,0,Completed,0,0,0,No card,0,No card,0,Inbehind,0,Semi-finalist
4,112,SWITZERLAND,SUI,,Round of 16,0,0,Outside,Not goal,5,On,0,Own,0,Completed,0,0,0,No card,0,No card,0,Inbehind,0,Best 16
4,113,CROATIA,CRO,,Quarter-final,0,0,Outside,Not goal,4,On,0,Own,0,Completed,0,0,0,No card,0,No card,0,Inbehind,0,3rd place
4,114,BRAZIL,BRA,,Quarter-final,0,0,Outside,Not goal,8,On,0,Own,0,Completed,0,0,0,No card,0,No card,0,Inbehind,0,Quarter-finalist
4,115,NETHERLANDS,NED,,Quarter-final,0,0,Outside,Not goal,2,On,0,Own,0,Completed,0,0,0,No card,0,No card,0,Inbehind,0,Quarter-finalist
4,116,ARGENTINA,ARG,,Quarter-final,0,0,Outside,Not goal,10,On,0,Own,0,Completed,0,0,0,No card,0,No card,0,Inbehind,0,Champion
4,117,MOROCCO,MAR,,Quarter-final,0,0,Outside,Not goal,4,On,0,Own,0,Completed,0,0,0,No card,0,No card,0,Inbehind,0,4th place
4,118,PORTUGAL,POR,,Quarter-final,0,0,Outside,Not goal,4,On,0,Own,0,Completed,0,0,0,No card,0,No card,0,Inbehind,0,Semi-finalist
4,119,ENGLAND,ENG,,Quarter-final,0,0,Outside,Not goal,8,On,0,Own,0,Completed,0,0,0,No card,0,No card,0,Inbehind,0,Semi-finalist
4,120,FRANCE,FRA,,Quarter-final,0,0,Outside,Not goal,2,On,0,Own,0,Completed,0,0,0,No card,0,No card,0,Inbehind,0,2nd place
4,121,ARGENTINA,ARG,,Semi-final,0,0,Outside,Not goal,3,On,0,Own,0,Completed,0,0,0,No card,0,No card,0,Inbehind,0,Champion
4,122,CROATIA,CRO,,Semi-final,0,0,Outside,Not goal,6,On,0,Own,0,Completed,0,0,0,No card,0,No card,0,Inbehind,0,3rd place
4,123,FRANCE,FRA,,Semi-final,0,0,Outside,Not goal,2,On,0,Own,0,Completed,0,0,0,No card,0,No card,0,Inbehind,0,2nd place
4,124,MOROCCO,MAR,,Semi-final,0,0,Outside,Not goal,5,On,0,Own,0,Completed,0,0,0,No card,0,No card,0,Inbehind,0,4th place
4,125,CROATIA,CRO,1,Play-off 3rd place,0,0,Outside,Not goal,7,On,0,Own,0,Completed,0,0,0,No card,0,No card,0,Inbehind,0,3rd place
4,126,MOROCCO,MAR,1,Play-off 3rd place,0,0,Outside,Not goal,2,On,0,Own,0,Completed,0,0,0,No card,0,No card,0,Inbehind,0,4th place
4,127,ARGENTINA,ARG,1,Final,0,0,Outside,Not goal,8,On,0,Own,0,Completed,0,0,0,No card,0,No card,0,Inbehind,0,Champion
4,128,FRANCE,FRA,1,Final,0,0,Outside,Not goal,3,On,0,Own,0,Completed,0,0,0,No card,0,No card,0,Inbehind,0,2nd place